"State","County","Median Housing Value, 2024 ($)","Median Property Taxes Paid, 2024 ($)(5-Year Estimate)","Effective Property Tax Rate (2024)"
"Alabama","Autauga County","$207,200","627","0.28%"
"Alabama","Baldwin County","$316,900","960","0.29%"
"Alabama","Barbour County","$112,900","462","0.31%"
"Alabama","Bibb County","$145,700","298","0.20%"
"Alabama","Blount County","$175,200","523","0.27%"
"Alabama","Bullock County","$81,700","332","0.32%"
"Alabama","Butler County","$99,800","362","0.26%"
"Alabama","Calhoun County","$156,600","653","0.33%"
"Alabama","Chambers County","$135,800","523","0.29%"
"Alabama","Cherokee County","$179,700","688","0.32%"
"Alabama","Chilton County","$161,300","537","0.32%"
"Alabama","Choctaw County","$123,400","207","0.18%"
"Alabama","Clarke County","$121,700","396","0.28%"
"Alabama","Clay County","$156,700","331","0.20%"
"Alabama","Cleburne County","$165,600","486","0.24%"
"Alabama","Coffee County","$188,600","677","0.30%"
"Alabama","Colbert County","$171,000","678","0.30%"
"Alabama","Conecuh County","$105,300","331","0.25%"
"Alabama","Coosa County","$115,500","315","0.20%"
"Alabama","Covington County","$152,100","397","0.20%"
"Alabama","Crenshaw County","$114,000","369","0.28%"
"Alabama","Cullman County","$199,100","516","0.21%"
"Alabama","Dale County","$143,500","457","0.28%"
"Alabama","Dallas County","$94,600","392","0.36%"
"Alabama","DeKalb County","$152,700","496","0.24%"
"Alabama","Elmore County","$223,900","610","0.25%"
"Alabama","Escambia County","$136,500","530","0.27%"
"Alabama","Etowah County","$167,100","645","0.32%"
"Alabama","Fayette County","$125,900","355","0.21%"
"Alabama","Franklin County","$136,000","433","0.33%"
"Alabama","Geneva County","$130,700","447","0.24%"
"Alabama","Greene County","$81,200","444","0.24%"
"Alabama","Hale County","$127,600","406","0.19%"
"Alabama","Henry County","$161,000","553","0.25%"
"Alabama","Houston County","$183,300","562","0.29%"
"Alabama","Jackson County","$159,500","480","0.25%"
"Alabama","Jefferson County","$240,000","1409","0.58%"
"Alabama","Lamar County","$114,000","274","0.24%"
"Alabama","Lauderdale County","$200,300","757","0.32%"
"Alabama","Lawrence County","$172,300","497","0.25%"
"Alabama","Lee County","$262,200","1252","0.39%"
"Alabama","Limestone County","$281,000","900","0.32%"
"Alabama","Lowndes County","$86,300","337","0.31%"
"Alabama","Macon County","$102,000","509","0.41%"
"Alabama","Madison County","$299,200","1185","0.39%"
"Alabama","Marengo County","$107,400","409","0.31%"
"Alabama","Marion County","$106,600","301","0.24%"
"Alabama","Marshall County","$201,500","733","0.30%"
"Alabama","Mobile County","$190,700","888","0.43%"
"Alabama","Monroe County","$120,600","381","0.21%"
"Alabama","Montgomery County","$171,900","702","0.36%"
"Alabama","Morgan County","$212,000","718","0.31%"
"Alabama","Perry County","$86,400","281","0.23%"
"Alabama","Pickens County","$123,900","364","0.21%"
"Alabama","Pike County","$157,600","424","0.24%"
"Alabama","Randolph County","$181,600","452","0.27%"
"Alabama","Russell County","$165,700","629","0.38%"
"Alabama","St. Clair County","$226,300","724","0.28%"
"Alabama","Shelby County","$326,100","1423","0.42%"
"Alabama","Sumter County","$82,600","359","0.28%"
"Alabama","Talladega County","$149,200","544","0.29%"
"Alabama","Tallapoosa County","$158,500","481","0.24%"
"Alabama","Tuscaloosa County","$248,700","795","0.31%"
"Alabama","Walker County","$135,900","356","0.23%"
"Alabama","Washington County","$159,700","365","0.23%"
"Alabama","Wilcox County","$98,800","319","0.25%"
"Alabama","Winston County","$118,900","380","0.21%"
"Alaska","Aleutians East Borough","$135,500","200-","n.a."
"Alaska","Aleutians West Census Area","$434,700","3090","0.70%"
"Alaska","Anchorage Municipality","$395,900","4982","1.17%"
"Alaska","Bethel Census Area","$168,100","200-","n.a."
"Alaska","Bristol Bay Borough","$245,800","2045","0.44%"
"Alaska","Chugach Census Area","$346,200","3379","0.91%"
"Alaska","Copper River Census Area","$292,800","200-","0.04%"
"Alaska","Denali Borough","$275,000","-","0.14%"
"Alaska","Dillingham Census Area","$159,000","2738","0.46%"
"Alaska","Fairbanks North Star Borough","$298,200","3550","1.11%"
"Alaska","Haines Borough","$293,300","2445","0.69%"
"Alaska","Hoonah-Angoon Census Area","$262,800","1136","0.03%"
"Alaska","Juneau City and Borough","$449,300","4251","0.88%"
"Alaska","Kenai Peninsula Borough","$323,200","2049","0.54%"
"Alaska","Ketchikan Gateway Borough","$393,300","2619","0.66%"
"Alaska","Kodiak Island Borough","$412,300","3569","0.70%"
"Alaska","Kusilvak Census Area","$84,300","200-","0.01%"
"Alaska","Lake and Peninsula Borough","$237,500","-","n.a."
"Alaska","Matanuska-Susitna Borough","$346,600","3685","0.90%"
"Alaska","Nome Census Area","$211,200","3264","0.46%"
"Alaska","North Slope Borough","$218,300","2305","0.49%"
"Alaska","Northwest Arctic Borough","$199,100","200-","0.00%"
"Alaska","Petersburg Borough","$315,100","1896","0.55%"
"Alaska","Prince of Wales-Hyder Census Area","$225,300","1139","0.09%"
"Alaska","Sitka City and Borough","$450,300","2080","0.37%"
"Alaska","Skagway Municipality","$435,400","1634","0.41%"
"Alaska","Southeast Fairbanks Census Area","$282,000","3350","n.a."
"Alaska","Wrangell City and Borough","$296,400","1673","0.45%"
"Alaska","Yakutat City and Borough","$219,400","1463","0.35%"
"Alaska","Yukon-Koyukuk Census Area","$98,500","1109","0.06%"
"Arizona","Apache County","$63,700","572","0.21%"
"Arizona","Cochise County","$218,300","1310","0.61%"
"Arizona","Coconino County","$448,000","2051","0.39%"
"Arizona","Gila County","$269,400","1386","0.55%"
"Arizona","Graham County","$212,000","1013","0.47%"
"Arizona","Greenlee County","$158,600","518","0.28%"
"Arizona","La Paz County","$135,800","873","0.47%"
"Arizona","Maricopa County","$452,800","1983","0.44%"
"Arizona","Mohave County","$281,000","1238","0.43%"
"Arizona","Navajo County","$201,500","1195","0.39%"
"Arizona","Pima County","$319,700","2272","0.70%"
"Arizona","Pinal County","$349,000","1636","0.50%"
"Arizona","Santa Cruz County","$233,000","1415","0.62%"
"Arizona","Yavapai County","$425,200","1750","0.40%"
"Arizona","Yuma County","$217,800","1333","0.61%"
"Arkansas","Arkansas County","$138,100","745","0.56%"
"Arkansas","Ashley County","$91,900","554","0.53%"
"Arkansas","Baxter County","$174,600","799","0.47%"
"Arkansas","Benton County","$323,500","1823","0.57%"
"Arkansas","Boone County","$188,900","927","0.52%"
"Arkansas","Bradley County","$94,800","545","0.53%"
"Arkansas","Calhoun County","$110,700","515","0.39%"
"Arkansas","Carroll County","$210,400","1082","0.52%"
"Arkansas","Chicot County","$89,100","436","0.54%"
"Arkansas","Clark County","$155,000","871","0.46%"
"Arkansas","Clay County","$94,600","470","0.46%"
"Arkansas","Cleburne County","$179,800","815","0.47%"
"Arkansas","Cleveland County","$137,600","667","0.54%"
"Arkansas","Columbia County","$152,100","718","0.46%"
"Arkansas","Conway County","$154,100","862","0.54%"
"Arkansas","Craighead County","$210,400","1125","0.54%"
"Arkansas","Crawford County","$182,800","982","0.53%"
"Arkansas","Crittenden County","$160,200","987","0.67%"
"Arkansas","Cross County","$117,500","596","0.57%"
"Arkansas","Dallas County","$97,300","547","0.51%"
"Arkansas","Desha County","$90,900","493","0.59%"
"Arkansas","Drew County","$140,800","664","0.52%"
"Arkansas","Faulkner County","$232,700","1253","0.53%"
"Arkansas","Franklin County","$130,800","645","0.54%"
"Arkansas","Fulton County","$113,800","533","0.45%"
"Arkansas","Garland County","$194,300","933","0.48%"
"Arkansas","Grant County","$161,700","880","0.52%"
"Arkansas","Greene County","$169,300","819","0.46%"
"Arkansas","Hempstead County","$105,700","601","0.48%"
"Arkansas","Hot Spring County","$151,100","724","0.58%"
"Arkansas","Howard County","$153,900","639","0.46%"
"Arkansas","Independence County","$142,600","750","0.51%"
"Arkansas","Izard County","$129,100","731","0.51%"
"Arkansas","Jackson County","$98,300","559","0.50%"
"Arkansas","Jefferson County","$113,400","745","0.63%"
"Arkansas","Johnson County","$135,300","709","0.51%"
"Arkansas","Lafayette County","$81,000","494","0.39%"
"Arkansas","Lawrence County","$98,900","461","0.32%"
"Arkansas","Lee County","$75,300","349","0.24%"
"Arkansas","Lincoln County","$108,000","566","0.52%"
"Arkansas","Little River County","$113,500","566","0.47%"
"Arkansas","Logan County","$139,900","716","0.48%"
"Arkansas","Lonoke County","$193,600","1211","0.57%"
"Arkansas","Madison County","$178,100","736","0.32%"
"Arkansas","Marion County","$163,300","775","0.49%"
"Arkansas","Miller County","$153,900","934","0.57%"
"Arkansas","Mississippi County","$122,500","635","0.47%"
"Arkansas","Monroe County","$88,700","456","0.14%"
"Arkansas","Montgomery County","$151,900","479","0.32%"
"Arkansas","Nevada County","$83,300","434","0.45%"
"Arkansas","Newton County","$169,300","649","0.46%"
"Arkansas","Ouachita County","$102,100","525","0.33%"
"Arkansas","Perry County","$130,200","634","0.41%"
"Arkansas","Phillips County","$78,200","636","0.76%"
"Arkansas","Pike County","$121,600","713","0.60%"
"Arkansas","Poinsett County","$103,000","543","0.53%"
"Arkansas","Polk County","$138,400","565","0.35%"
"Arkansas","Pope County","$170,100","945","0.52%"
"Arkansas","Prairie County","$96,400","696","0.57%"
"Arkansas","Pulaski County","$214,700","1642","0.75%"
"Arkansas","Randolph County","$130,600","527","0.42%"
"Arkansas","St. Francis County","$90,900","425","0.48%"
"Arkansas","Saline County","$221,200","1367","0.59%"
"Arkansas","Scott County","$115,000","500","0.37%"
"Arkansas","Searcy County","$110,000","468","0.43%"
"Arkansas","Sebastian County","$176,200","1101","0.62%"
"Arkansas","Sevier County","$117,600","514","0.45%"
"Arkansas","Sharp County","$105,100","584","0.50%"
"Arkansas","Stone County","$171,600","548","0.35%"
"Arkansas","Union County","$120,900","685","0.57%"
"Arkansas","Van Buren County","$135,700","581","0.45%"
"Arkansas","Washington County","$298,400","1564","0.55%"
"Arkansas","White County","$163,600","754","0.47%"
"Arkansas","Woodruff County","$106,500","600","0.48%"
"Arkansas","Yell County","$143,600","640","0.38%"
"California","Alameda County","$1,090,100","8474","0.76%"
"California","Alpine County","$590,200","4530","0.55%"
"California","Amador County","$449,800","3172","0.70%"
"California","Butte County","$424,700","2951","0.71%"
"California","Calaveras County","$457,200","3319","0.71%"
"California","Colusa County","$393,400","2426","0.67%"
"California","Contra Costa County","$866,800","7156","0.78%"
"California","Del Norte County","$342,000","2099","0.49%"
"California","El Dorado County","$679,900","4753","0.72%"
"California","Fresno County","$388,800","2861","0.76%"
"California","Glenn County","$352,400","2263","0.61%"
"California","Humboldt County","$446,900","2858","0.62%"
"California","Imperial County","$309,600","2394","0.83%"
"California","Inyo County","$348,700","2576","0.59%"
"California","Kern County","$338,300","2984","0.89%"
"California","Kings County","$324,300","2425","0.75%"
"California","Lake County","$324,300","2369","0.72%"
"California","Lassen County","$265,300","1923","0.80%"
"California","Los Angeles County","$834,200","5675","0.67%"
"California","Madera County","$393,200","2756","0.69%"
"California","Marin County","$1,507,300","10,000+","0.77%"
"California","Mariposa County","$387,900","2377","0.58%"
"California","Mendocino County","$512,200","3545","0.67%"
"California","Merced County","$391,800","2634","0.67%"
"California","Modoc County","$224,700","1561","0.68%"
"California","Mono County","$639,400","4177","0.70%"
"California","Monterey County","$781,000","4910","0.63%"
"California","Napa County","$869,500","5995","0.60%"
"California","Nevada County","$621,800","4694","0.73%"
"California","Orange County","$962,600","6330","0.64%"
"California","Placer County","$688,100","5812","0.79%"
"California","Plumas County","$360,200","2537","0.69%"
"California","Riverside County","$557,300","4348","0.83%"
"California","Sacramento County","$534,200","3921","0.76%"
"California","San Benito County","$793,400","6441","0.79%"
"California","San Bernardino County","$505,000","3538","0.73%"
"California","San Diego County","$854,700","5774","0.67%"
"California","San Francisco County","$1,394,500","9862","0.72%"
"California","San Joaquin County","$530,700","3960","0.79%"
"California","San Luis Obispo County","$824,700","5636","0.64%"
"California","San Mateo County","$1,559,600","9519","0.63%"
"California","Santa Barbara County","$790,700","5103","0.59%"
"California","Santa Clara County","$1,490,600","10,000+","0.68%"
"California","Santa Cruz County","$1,027,500","6538","0.60%"
"California","Shasta County","$366,400","2542","0.70%"
"California","Sierra County","$331,900","2279","0.62%"
"California","Siskiyou County","$309,500","1973","0.60%"
"California","Solano County","$617,700","4621","0.78%"
"California","Sonoma County","$815,500","5695","0.65%"
"California","Stanislaus County","$450,100","3216","0.73%"
"California","Sutter County","$433,500","3268","0.78%"
"California","Tehama County","$339,600","2118","0.65%"
"California","Trinity County","$325,800","1888","0.26%"
"California","Tulare County","$330,100","2318","0.69%"
"California","Tuolumne County","$433,200","2864","0.62%"
"California","Ventura County","$822,700","5574","0.69%"
"California","Yolo County","$620,700","4749","0.79%"
"California","Yuba County","$412,300","3071","0.77%"
"Colorado","Adams County","$484,200","2962","0.66%"
"Colorado","Alamosa County","$239,100","1024","0.45%"
"Colorado","Arapahoe County","$561,200","2938","0.55%"
"Colorado","Archuleta County","$478,100","1688","0.33%"
"Colorado","Baca County","$122,900","545","0.40%"
"Colorado","Bent County","$146,900","517","0.41%"
"Colorado","Boulder County","$756,300","3998","0.52%"
"Colorado","Broomfield County","$664,500","4007","0.66%"
"Colorado","Chaffee County","$665,700","1901","0.29%"
"Colorado","Cheyenne County","$187,500","887","0.41%"
"Colorado","Clear Creek County","$608,500","2350","0.40%"
"Colorado","Conejos County","$193,400","780","0.44%"
"Colorado","Costilla County","$184,700","582","0.31%"
"Colorado","Crowley County","$116,200","521","0.32%"
"Colorado","Custer County","$392,100","1547","0.35%"
"Colorado","Delta County","$343,200","1068","0.34%"
"Colorado","Denver County","$616,000","2751","0.47%"
"Colorado","Dolores County","$247,600","659","0.39%"
"Colorado","Douglas County","$713,600","3947","0.57%"
"Colorado","Eagle County","$839,500","3510","0.36%"
"Colorado","Elbert County","$709,800","3214","0.47%"
"Colorado","El Paso County","$461,000","1874","0.45%"
"Colorado","Fremont County","$324,000","1175","0.36%"
"Colorado","Garfield County","$527,800","2201","0.39%"
"Colorado","Gilpin County","$573,900","1310","0.37%"
"Colorado","Grand County","$601,500","2071","0.30%"
"Colorado","Gunnison County","$621,800","1798","0.31%"
"Colorado","Hinsdale County","$437,900","1359","0.36%"
"Colorado","Huerfano County","$247,800","699","0.31%"
"Colorado","Jackson County","$239,600","416","0.22%"
"Colorado","Jefferson County","$637,600","3082","0.53%"
"Colorado","Kiowa County","$161,500","939","0.63%"
"Colorado","Kit Carson County","$239,500","1185","0.48%"
"Colorado","Lake County","$466,100","1960","0.64%"
"Colorado","La Plata County","$591,500","1552","0.27%"
"Colorado","Larimer County","$569,100","2832","0.52%"
"Colorado","Las Animas County","$237,600","535","0.27%"
"Colorado","Lincoln County","$246,500","1092","0.46%"
"Colorado","Logan County","$245,300","1132","0.45%"
"Colorado","Mesa County","$378,600","1439","0.38%"
"Colorado","Mineral County","$430,500","1500","0.33%"
"Colorado","Moffat County","$289,500","1146","0.52%"
"Colorado","Montezuma County","$331,400","958","0.29%"
"Colorado","Montrose County","$388,400","1385","0.36%"
"Colorado","Morgan County","$338,600","1751","0.52%"
"Colorado","Otero County","$168,900","520","0.37%"
"Colorado","Ouray County","$739,800","2050","0.24%"
"Colorado","Park County","$532,100","1771","0.39%"
"Colorado","Phillips County","$258,200","1456","0.50%"
"Colorado","Pitkin County","$1,139,100","4074","0.34%"
"Colorado","Prowers County","$160,600","487","0.34%"
"Colorado","Pueblo County","$291,300","1467","0.52%"
"Colorado","Rio Blanco County","$274,400","917","0.33%"
"Colorado","Rio Grande County","$239,500","925","0.44%"
"Colorado","Routt County","$854,700","2736","0.28%"
"Colorado","Saguache County","$212,600","690","0.43%"
"Colorado","San Juan County","$432,500","1364","0.29%"
"Colorado","San Miguel County","$720,700","1900","0.27%"
"Colorado","Sedgwick County","$149,000","664","0.52%"
"Colorado","Summit County","$939,900","2995","0.32%"
"Colorado","Teller County","$479,900","1672","0.35%"
"Colorado","Washington County","$226,200","874","0.42%"
"Colorado","Weld County","$471,700","2440","0.55%"
"Colorado","Yuma County","$211,700","1003","0.53%"
"Connecticut","Capitol Planning Region","$323,700","6454","1.91%"
"Connecticut","Greater Bridgeport Planning Region","$428,800","8670","1.65%"
"Connecticut","Lower Connecticut River Valley Planning Region","$379,700","6357","1.51%"
"Connecticut","Naugatuck Valley Planning Region","$317,700","5983","1.71%"
"Connecticut","Northeastern Connecticut Planning Region","$307,600","4375","1.37%"
"Connecticut","Northwest Hills Planning Region","$335,600","5593","1.35%"
"Connecticut","South Central Connecticut Planning Region","$353,100","6759","1.82%"
"Connecticut","Southeastern Connecticut Planning Region","$323,400","5228","1.56%"
"Connecticut","Western Connecticut Planning Region","$652,900","9295","1.17%"
"Delaware","Kent County","$316,600","1363","0.43%"
"Delaware","New Castle County","$352,200","2499","0.72%"
"Delaware","Sussex County","$382,600","1222","0.31%"
"District of Columbia","District of Columbia","$737,100","4312","0.60%"
"Florida","Alachua County","$288,800","2773","0.99%"
"Florida","Baker County","$256,700","1631","0.88%"
"Florida","Bay County","$310,500","1807","0.59%"
"Florida","Bradford County","$212,500","1164","0.54%"
"Florida","Brevard County","$339,600","2311","0.68%"
"Florida","Broward County","$414,600","3890","0.96%"
"Florida","Calhoun County","$145,300","734","0.59%"
"Florida","Charlotte County","$328,900","2785","0.84%"
"Florida","Citrus County","$245,500","1430","0.63%"
"Florida","Clay County","$312,500","2241","0.77%"
"Florida","Collier County","$540,700","3386","0.59%"
"Florida","Columbia County","$194,900","1434","0.73%"
"Florida","DeSoto County","$174,100","1447","0.72%"
"Florida","Dixie County","$132,000","813","0.60%"
"Florida","Duval County","$303,500","2264","0.75%"
"Florida","Escambia County","$257,200","1495","0.63%"
"Florida","Flagler County","$364,900","2789","0.76%"
"Florida","Franklin County","$273,300","1728","0.55%"
"Florida","Gadsden County","$174,900","927","0.53%"
"Florida","Gilchrist County","$199,900","1302","0.61%"
"Florida","Glades County","$137,000","1170","0.64%"
"Florida","Gulf County","$250,000","1578","0.47%"
"Florida","Hamilton County","$111,200","816","0.48%"
"Florida","Hardee County","$153,600","1264","0.66%"
"Florida","Hendry County","$219,200","1756","0.86%"
"Florida","Hernando County","$276,000","1858","0.71%"
"Florida","Highlands County","$187,900","1353","0.69%"
"Florida","Hillsborough County","$371,500","3010","0.84%"
"Florida","Holmes County","$110,200","600","0.44%"
"Florida","Indian River County","$351,500","2436","0.71%"
"Florida","Jackson County","$120,800","609","0.49%"
"Florida","Jefferson County","$232,600","1439","0.65%"
"Florida","Lafayette County","$157,200","863","0.60%"
"Florida","Lake County","$318,400","2433","0.77%"
"Florida","Lee County","$362,200","2858","0.78%"
"Florida","Leon County","$301,800","2397","0.77%"
"Florida","Levy County","$190,600","1201","0.65%"
"Florida","Liberty County","$127,300","1152","0.61%"
"Florida","Madison County","$116,200","965","0.64%"
"Florida","Manatee County","$391,400","3047","0.76%"
"Florida","Marion County","$243,100","1806","0.72%"
"Florida","Martin County","$432,200","3322","0.76%"
"Florida","Miami-Dade County","$463,000","3744","0.81%"
"Florida","Monroe County","$780,600","4129","0.53%"
"Florida","Nassau County","$382,800","2699","0.73%"
"Florida","Okaloosa County","$351,200","2011","0.59%"
"Florida","Okeechobee County","$193,000","1423","0.73%"
"Florida","Orange County","$390,100","2967","0.82%"
"Florida","Osceola County","$353,300","2700","0.76%"
"Florida","Palm Beach County","$447,300","3858","0.82%"
"Florida","Pasco County","$300,900","2206","0.82%"
"Florida","Pinellas County","$355,100","2474","0.74%"
"Florida","Polk County","$266,500","1933","0.73%"
"Florida","Putnam County","$160,300","1249","0.64%"
"Florida","St. Johns County","$489,200","3721","0.75%"
"Florida","St. Lucie County","$347,300","3241","0.95%"
"Florida","Santa Rosa County","$329,800","1891","0.60%"
"Florida","Sarasota County","$411,800","3106","0.72%"
"Florida","Seminole County","$386,900","2599","0.70%"
"Florida","Sumter County","$385,400","3014","0.74%"
"Florida","Suwannee County","$171,600","1213","0.67%"
"Florida","Taylor County","$114,600","750","0.65%"
"Florida","Union County","$169,500","980","0.53%"
"Florida","Volusia County","$313,000","2395","0.78%"
"Florida","Wakulla County","$258,300","1642","0.69%"
"Florida","Walton County","$425,100","1902","0.49%"
"Florida","Washington County","$171,000","792","0.46%"
"Georgia","Appling County","$76,700","721","0.65%"
"Georgia","Atkinson County","$79,000","625","0.78%"
"Georgia","Bacon County","$101,400","1144","0.89%"
"Georgia","Baker County","$119,500","1023","0.80%"
"Georgia","Baldwin County","$181,900","1276","0.60%"
"Georgia","Banks County","$278,100","1663","0.60%"
"Georgia","Barrow County","$294,700","2307","0.80%"
"Georgia","Bartow County","$289,000","2024","0.69%"
"Georgia","Ben Hill County","$112,700","1210","0.90%"
"Georgia","Berrien County","$131,600","1130","0.74%"
"Georgia","Bibb County","$174,500","1801","0.98%"
"Georgia","Bleckley County","$149,600","1423","0.96%"
"Georgia","Brantley County","$99,600","1185","0.96%"
"Georgia","Brooks County","$139,200","1583","0.88%"
"Georgia","Bryan County","$343,200","2677","0.77%"
"Georgia","Bulloch County","$222,500","1679","0.64%"
"Georgia","Burke County","$151,600","1025","0.52%"
"Georgia","Butts County","$240,600","1976","0.83%"
"Georgia","Calhoun County","$81,000","903","0.76%"
"Georgia","Camden County","$261,400","2305","0.82%"
"Georgia","Candler County","$159,200","1721","0.96%"
"Georgia","Carroll County","$255,100","1566","0.63%"
"Georgia","Catoosa County","$240,900","1566","0.62%"
"Georgia","Charlton County","$142,800","1088","0.66%"
"Georgia","Chatham County","$302,700","2541","0.81%"
"Georgia","Chattahoochee County","$102,700","856","0.67%"
"Georgia","Chattooga County","$115,600","1022","0.71%"
"Georgia","Cherokee County","$435,100","2985","0.69%"
"Georgia","Clarke County","$298,900","2610","0.86%"
"Georgia","Clay County","$94,400","937","1.00%"
"Georgia","Clayton County","$222,300","1933","0.85%"
"Georgia","Clinch County","$84,400","1101","1.07%"
"Georgia","Cobb County","$407,200","2720","0.69%"
"Georgia","Coffee County","$128,900","976","0.60%"
"Georgia","Colquitt County","$121,400","1014","0.76%"
"Georgia","Columbia County","$305,300","2515","0.82%"
"Georgia","Cook County","$157,500","1221","0.74%"
"Georgia","Coweta County","$357,500","2624","0.70%"
"Georgia","Crawford County","$164,100","1421","0.84%"
"Georgia","Crisp County","$140,200","1510","0.94%"
"Georgia","Dade County","$198,500","1133","0.56%"
"Georgia","Dawson County","$406,700","2430","0.61%"
"Georgia","Decatur County","$158,800","1514","0.94%"
"Georgia","DeKalb County","$357,800","3310","0.93%"
"Georgia","Dodge County","$118,100","1030","0.73%"
"Georgia","Dooly County","$107,400","1368","0.95%"
"Georgia","Dougherty County","$134,400","1781","1.20%"
"Georgia","Douglas County","$296,900","2212","0.80%"
"Georgia","Early County","$131,300","1081","0.77%"
"Georgia","Echols County","$124,100","1127","0.80%"
"Georgia","Effingham County","$276,000","2495","0.89%"
"Georgia","Elbert County","$142,000","1298","0.78%"
"Georgia","Emanuel County","$94,700","884","0.78%"
"Georgia","Evans County","$138,200","1405","0.94%"
"Georgia","Fannin County","$306,600","1021","0.40%"
"Georgia","Fayette County","$436,400","3285","0.78%"
"Georgia","Floyd County","$217,900","1847","0.92%"
"Georgia","Forsyth County","$550,400","4020","0.69%"
"Georgia","Franklin County","$179,000","1288","0.65%"
"Georgia","Fulton County","$458,800","4033","0.89%"
"Georgia","Gilmer County","$314,000","1109","0.41%"
"Georgia","Glascock County","$123,800","1273","0.81%"
"Georgia","Glynn County","$301,300","1708","0.52%"
"Georgia","Gordon County","$222,900","1537","0.66%"
"Georgia","Grady County","$152,400","1386","0.92%"
"Georgia","Greene County","$394,800","2425","0.55%"
"Georgia","Gwinnett County","$380,900","3617","0.93%"
"Georgia","Habersham County","$238,300","1403","0.57%"
"Georgia","Hall County","$350,400","2571","0.69%"
"Georgia","Hancock County","$88,600","967","0.94%"
"Georgia","Haralson County","$227,500","1823","0.69%"
"Georgia","Harris County","$302,800","2578","0.80%"
"Georgia","Hart County","$215,100","1209","0.52%"
"Georgia","Heard County","$186,800","1049","0.51%"
"Georgia","Henry County","$313,900","2741","0.89%"
"Georgia","Houston County","$219,800","1835","0.83%"
"Georgia","Irwin County","$105,600","1132","0.76%"
"Georgia","Jackson County","$345,000","3000","0.79%"
"Georgia","Jasper County","$243,400","1959","0.81%"
"Georgia","Jeff Davis County","$118,300","1093","0.65%"
"Georgia","Jefferson County","$105,400","1009","0.89%"
"Georgia","Jenkins County","$92,900","797","0.82%"
"Georgia","Johnson County","$94,900","889","0.81%"
"Georgia","Jones County","$194,500","1878","0.96%"
"Georgia","Lamar County","$216,500","1864","0.93%"
"Georgia","Lanier County","$162,300","1615","0.87%"
"Georgia","Laurens County","$154,500","1021","0.53%"
"Georgia","Lee County","$231,800","2250","0.93%"
"Georgia","Liberty County","$201,500","2087","0.93%"
"Georgia","Lincoln County","$165,900","1643","0.80%"
"Georgia","Long County","$218,300","1903","0.71%"
"Georgia","Lowndes County","$215,600","1750","0.76%"
"Georgia","Lumpkin County","$307,900","1989","0.64%"
"Georgia","McDuffie County","$170,200","1391","0.77%"
"Georgia","McIntosh County","$182,700","1462","0.73%"
"Georgia","Macon County","$97,300","954","1.11%"
"Georgia","Madison County","$219,700","1677","0.74%"
"Georgia","Marion County","$154,100","1090","0.64%"
"Georgia","Meriwether County","$168,800","1445","0.81%"
"Georgia","Miller County","$124,000","1595","1.15%"
"Georgia","Mitchell County","$106,000","1402","1.08%"
"Georgia","Monroe County","$271,200","1886","0.73%"
"Georgia","Montgomery County","$115,500","1204","0.81%"
"Georgia","Morgan County","$342,300","2425","0.72%"
"Georgia","Murray County","$180,700","1225","0.43%"
"Georgia","Muscogee County","$193,900","1660","0.85%"
"Georgia","Newton County","$265,000","2348","0.85%"
"Georgia","Oconee County","$461,600","3222","0.67%"
"Georgia","Oglethorpe County","$231,600","1733","0.68%"
"Georgia","Paulding County","$326,300","2619","0.82%"
"Georgia","Peach County","$207,800","2117","0.78%"
"Georgia","Pickens County","$332,700","1990","0.58%"
"Georgia","Pierce County","$153,300","1266","0.77%"
"Georgia","Pike County","$305,600","2668","0.84%"
"Georgia","Polk County","$187,600","1413","0.73%"
"Georgia","Pulaski County","$157,600","1463","0.91%"
"Georgia","Putnam County","$249,300","1698","0.63%"
"Georgia","Quitman County","$104,600","n.a.","0.73%"
"Georgia","Rabun County","$295,200","1651","0.49%"
"Georgia","Randolph County","$90,200","964","0.95%"
"Georgia","Richmond County","$178,500","1508","0.85%"
"Georgia","Rockdale County","$292,900","2074","0.71%"
"Georgia","Schley County","$143,900","1288","0.91%"
"Georgia","Screven County","$124,300","1519","0.94%"
"Georgia","Seminole County","$121,900","1486","0.99%"
"Georgia","Spalding County","$228,700","2142","0.89%"
"Georgia","Stephens County","$175,300","1424","0.71%"
"Georgia","Stewart County","$65,100","994","0.93%"
"Georgia","Sumter County","$120,200","1502","1.04%"
"Georgia","Talbot County","$117,100","1356","0.83%"
"Georgia","Taliaferro County","$68,900","902","0.80%"
"Georgia","Tattnall County","$140,000","1260","0.67%"
"Georgia","Taylor County","$87,700","838","0.75%"
"Georgia","Telfair County","$113,300","1269","0.70%"
"Georgia","Terrell County","$118,400","1227","0.97%"
"Georgia","Thomas County","$196,700","1539","0.84%"
"Georgia","Tift County","$165,200","1419","0.86%"
"Georgia","Toombs County","$137,000","1235","0.82%"
"Georgia","Towns County","$316,100","1084","0.35%"
"Georgia","Treutlen County","$100,100","708","0.66%"
"Georgia","Troup County","$217,200","2024","0.87%"
"Georgia","Turner County","$97,300","1026","0.92%"
"Georgia","Twiggs County","$111,300","807","0.35%"
"Georgia","Union County","$307,400","1611","0.45%"
"Georgia","Upson County","$168,700","1433","0.81%"
"Georgia","Walker County","$197,100","1479","0.86%"
"Georgia","Walton County","$339,500","2563","0.72%"
"Georgia","Ware County","$109,500","1047","0.85%"
"Georgia","Warren County","$67,100","730","0.78%"
"Georgia","Washington County","$112,500","1127","0.85%"
"Georgia","Wayne County","$162,800","1265","0.75%"
"Georgia","Webster County","$82,600","925","0.77%"
"Georgia","Wheeler County","$88,200","554","0.84%"
"Georgia","White County","$278,900","1800","0.62%"
"Georgia","Whitfield County","$218,000","1391","0.64%"
"Georgia","Wilcox County","$87,600","795","0.94%"
"Georgia","Wilkes County","$122,700","1292","0.87%"
"Georgia","Wilkinson County","$86,300","775","0.87%"
"Georgia","Worth County","$104,900","1185","0.98%"
"Hawaii","Hawaii County","$519,300","1459","0.35%"
"Hawaii","Honolulu County","$897,500","2553","0.31%"
"Hawaii","Kalawao County","-","n.a.","n.a."
"Hawaii","Kauai County","$873,200","1866","0.25%"
"Hawaii","Maui County","$904,700","1466","0.22%"
"Idaho","Ada County","$512,300","2655","0.53%"
"Idaho","Adams County","$376,500","1359","0.34%"
"Idaho","Bannock County","$300,700","1920","0.67%"
"Idaho","Bear Lake County","$275,000","1116","0.41%"
"Idaho","Benewah County","$293,500","1443","0.43%"
"Idaho","Bingham County","$293,300","1477","0.50%"
"Idaho","Blaine County","$735,300","2778","0.38%"
"Idaho","Boise County","$476,100","1611","0.38%"
"Idaho","Bonner County","$487,900","1847","0.40%"
"Idaho","Bonneville County","$368,800","1858","0.53%"
"Idaho","Boundary County","$410,500","1595","0.33%"
"Idaho","Butte County","$217,600","1061","0.53%"
"Idaho","Camas County","$304,000","1132","0.35%"
"Idaho","Canyon County","$390,000","2011","0.50%"
"Idaho","Caribou County","$241,500","1341","0.53%"
"Idaho","Cassia County","$284,600","1166","0.40%"
"Idaho","Clark County","$216,900","713","0.31%"
"Idaho","Clearwater County","$268,200","1443","0.51%"
"Idaho","Custer County","$381,700","1112","0.42%"
"Idaho","Elmore County","$316,500","1701","0.60%"
"Idaho","Franklin County","$372,600","1482","0.38%"
"Idaho","Fremont County","$314,200","1398","0.39%"
"Idaho","Gem County","$428,700","1418","0.32%"
"Idaho","Gooding County","$250,900","1279","0.43%"
"Idaho","Idaho County","$310,200","995","0.32%"
"Idaho","Jefferson County","$408,400","1824","0.47%"
"Idaho","Jerome County","$271,800","1725","0.62%"
"Idaho","Kootenai County","$518,700","2267","0.41%"
"Idaho","Latah County","$368,600","2368","0.59%"
"Idaho","Lemhi County","$326,100","1156","0.32%"
"Idaho","Lewis County","$225,300","1341","0.55%"
"Idaho","Lincoln County","$255,600","1092","0.42%"
"Idaho","Madison County","$414,800","2001","0.54%"
"Idaho","Minidoka County","$262,600","1261","0.51%"
"Idaho","Nez Perce County","$334,700","2609","0.75%"
"Idaho","Oneida County","$272,000","1207","0.46%"
"Idaho","Owyhee County","$359,800","1432","0.39%"
"Idaho","Payette County","$341,800","1357","0.45%"
"Idaho","Power County","$212,900","1496","0.62%"
"Idaho","Shoshone County","$267,400","1334","0.54%"
"Idaho","Teton County","$690,500","2143","0.35%"
"Idaho","Twin Falls County","$337,900","2066","0.61%"
"Idaho","Valley County","$657,000","1964","0.34%"
"Idaho","Washington County","$278,100","1371","0.47%"
"Illinois","Adams County","$162,600","2573","1.52%"
"Illinois","Alexander County","$59,800","1084","1.17%"
"Illinois","Bond County","$145,700","2747","1.78%"
"Illinois","Boone County","$216,900","4735","1.99%"
"Illinois","Brown County","$150,300","2291","1.34%"
"Illinois","Bureau County","$126,900","2548","1.70%"
"Illinois","Calhoun County","$190,900","2644","1.08%"
"Illinois","Carroll County","$114,500","2277","1.75%"
"Illinois","Cass County","$97,100","1958","1.55%"
"Illinois","Champaign County","$211,500","4353","2.04%"
"Illinois","Christian County","$115,500","1891","1.49%"
"Illinois","Clark County","$132,400","2064","1.39%"
"Illinois","Clay County","$97,400","1392","1.22%"
"Illinois","Clinton County","$192,400","3524","1.64%"
"Illinois","Coles County","$127,400","2474","1.72%"
"Illinois","Cook County","$324,500","6191","1.73%"
"Illinois","Crawford County","$121,100","1806","1.36%"
"Illinois","Cumberland County","$126,000","2004","1.26%"
"Illinois","DeKalb County","$243,600","5974","2.24%"
"Illinois","De Witt County","$130,300","2322","1.65%"
"Illinois","Douglas County","$150,400","2554","1.64%"
"Illinois","DuPage County","$391,400","8007","1.89%"
"Illinois","Edgar County","$97,300","1409","1.33%"
"Illinois","Edwards County","$100,000","1451","1.26%"
"Illinois","Effingham County","$189,500","2823","1.37%"
"Illinois","Fayette County","$130,700","1894","1.27%"
"Illinois","Ford County","$122,000","2587","1.83%"
"Illinois","Franklin County","$89,000","1394","1.18%"
"Illinois","Fulton County","$107,200","2289","1.71%"
"Illinois","Gallatin County","$82,900","1305","1.39%"
"Illinois","Greene County","$95,200","1661","0.93%"
"Illinois","Grundy County","$271,700","5420","1.86%"
"Illinois","Hamilton County","$113,700","1512","1.22%"
"Illinois","Hancock County","$113,800","2059","1.50%"
"Illinois","Hardin County","$103,800","1001","0.83%"
"Illinois","Henderson County","$104,400","1651","1.42%"
"Illinois","Henry County","$151,600","3016","1.86%"
"Illinois","Iroquois County","$137,800","2504","1.50%"
"Illinois","Jackson County","$137,300","2526","1.84%"
"Illinois","Jasper County","$125,500","2448","1.56%"
"Illinois","Jefferson County","$126,000","2148","1.58%"
"Illinois","Jersey County","$171,900","3020","1.58%"
"Illinois","Jo Daviess County","$209,900","3613","1.49%"
"Illinois","Johnson County","$160,500","1992","1.33%"
"Illinois","Kane County","$327,000","7382","2.18%"
"Illinois","Kankakee County","$192,600","4266","2.04%"
"Illinois","Kendall County","$322,400","7651","2.28%"
"Illinois","Knox County","$111,900","2190","1.81%"
"Illinois","Lake County","$345,700","8923","2.26%"
"Illinois","LaSalle County","$161,900","3418","1.90%"
"Illinois","Lawrence County","$99,100","1174","0.90%"
"Illinois","Lee County","$154,600","3048","1.77%"
"Illinois","Livingston County","$142,200","2908","1.88%"
"Illinois","Logan County","$134,400","2385","1.72%"
"Illinois","McDonough County","$107,500","2285","1.82%"
"Illinois","McHenry County","$308,100","7274","2.26%"
"Illinois","McLean County","$208,400","4524","2.11%"
"Illinois","Macon County","$127,300","2696","1.99%"
"Illinois","Macoupin County","$138,200","2073","1.39%"
"Illinois","Madison County","$173,000","3319","1.79%"
"Illinois","Marion County","$103,000","1759","1.54%"
"Illinois","Marshall County","$142,800","2766","1.70%"
"Illinois","Mason County","$103,400","2162","1.80%"
"Illinois","Massac County","$121,900","1704","1.30%"
"Illinois","Menard County","$185,500","3190","1.66%"
"Illinois","Mercer County","$146,700","2878","1.77%"
"Illinois","Monroe County","$282,100","4588","1.46%"
"Illinois","Montgomery County","$112,300","1887","1.32%"
"Illinois","Morgan County","$130,800","2306","1.70%"
"Illinois","Moultrie County","$134,000","2414","1.74%"
"Illinois","Ogle County","$189,200","3889","1.81%"
"Illinois","Peoria County","$158,500","3552","2.15%"
"Illinois","Perry County","$112,600","1807","1.42%"
"Illinois","Piatt County","$180,600","3265","1.66%"
"Illinois","Pike County","$101,400","1556","1.42%"
"Illinois","Pope County","$143,800","1477","0.99%"
"Illinois","Pulaski County","$85,100","869","1.03%"
"Illinois","Putnam County","$172,700","2705","1.46%"
"Illinois","Randolph County","$135,100","1927","1.29%"
"Illinois","Richland County","$112,000","1769","1.16%"
"Illinois","Rock Island County","$150,400","3425","2.13%"
"Illinois","St. Clair County","$180,300","3665","1.83%"
"Illinois","Saline County","$94,300","1597","1.65%"
"Illinois","Sangamon County","$176,300","3512","1.89%"
"Illinois","Schuyler County","$109,700","1950","1.55%"
"Illinois","Scott County","$96,400","1446","1.35%"
"Illinois","Shelby County","$137,100","2063","1.34%"
"Illinois","Stark County","$104,500","1768","1.62%"
"Illinois","Stephenson County","$134,900","3240","2.09%"
"Illinois","Tazewell County","$167,500","3536","1.98%"
"Illinois","Union County","$131,700","1712","1.15%"
"Illinois","Vermilion County","$97,200","1757","1.62%"
"Illinois","Wabash County","$104,900","1475","1.30%"
"Illinois","Warren County","$105,000","1903","1.28%"
"Illinois","Washington County","$155,700","2908","1.58%"
"Illinois","Wayne County","$110,700","1653","1.42%"
"Illinois","White County","$108,100","1444","1.01%"
"Illinois","Whiteside County","$127,100","2598","1.74%"
"Illinois","Will County","$319,600","7173","2.10%"
"Illinois","Williamson County","$156,400","2690","1.57%"
"Illinois","Winnebago County","$164,500","3930","2.28%"
"Illinois","Woodford County","$197,600","4215","1.90%"
"Indiana","Adams County","$178,400","1373","0.70%"
"Indiana","Allen County","$214,900","1689","0.77%"
"Indiana","Bartholomew County","$232,800","1738","0.71%"
"Indiana","Benton County","$151,000","1165","0.71%"
"Indiana","Blackford County","$107,500","873","0.75%"
"Indiana","Boone County","$376,200","2919","0.83%"
"Indiana","Brown County","$269,100","1177","0.45%"
"Indiana","Carroll County","$180,900","1015","0.57%"
"Indiana","Cass County","$133,800","910","0.69%"
"Indiana","Clark County","$222,900","1716","0.71%"
"Indiana","Clay County","$153,000","627","0.48%"
"Indiana","Clinton County","$164,100","980","0.64%"
"Indiana","Crawford County","$117,700","880","0.63%"
"Indiana","Daviess County","$197,200","1351","0.69%"
"Indiana","Dearborn County","$243,400","1789","0.72%"
"Indiana","Decatur County","$199,100","1230","0.57%"
"Indiana","DeKalb County","$194,100","1205","0.61%"
"Indiana","Delaware County","$139,400","1039","0.81%"
"Indiana","Dubois County","$230,100","1514","0.71%"
"Indiana","Elkhart County","$210,400","1717","0.82%"
"Indiana","Fayette County","$130,700","949","0.62%"
"Indiana","Floyd County","$251,000","1736","0.66%"
"Indiana","Fountain County","$143,400","849","0.61%"
"Indiana","Franklin County","$249,500","1479","0.55%"
"Indiana","Fulton County","$156,500","844","0.59%"
"Indiana","Gibson County","$180,000","1301","0.60%"
"Indiana","Grant County","$122,300","884","0.67%"
"Indiana","Greene County","$153,200","896","0.62%"
"Indiana","Hamilton County","$405,500","3549","0.87%"
"Indiana","Hancock County","$274,800","1806","0.68%"
"Indiana","Harrison County","$229,600","1224","0.56%"
"Indiana","Hendricks County","$307,600","2482","0.81%"
"Indiana","Henry County","$154,400","1124","0.67%"
"Indiana","Howard County","$165,000","1189","0.67%"
"Indiana","Huntington County","$161,600","1148","0.68%"
"Indiana","Jackson County","$178,300","881","0.53%"
"Indiana","Jasper County","$221,500","1029","0.50%"
"Indiana","Jay County","$117,500","707","0.60%"
"Indiana","Jefferson County","$194,600","1252","0.64%"
"Indiana","Jennings County","$161,500","971","0.61%"
"Indiana","Johnson County","$284,600","2024","0.73%"
"Indiana","Knox County","$137,700","933","0.74%"
"Indiana","Kosciusko County","$216,000","1303","0.63%"
"Indiana","LaGrange County","$255,900","1403","0.49%"
"Indiana","Lake County","$230,600","2112","0.93%"
"Indiana","LaPorte County","$195,500","1503","0.79%"
"Indiana","Lawrence County","$175,000","1049","0.69%"
"Indiana","Madison County","$161,300","1192","0.73%"
"Indiana","Marion County","$224,000","2028","0.89%"
"Indiana","Marshall County","$204,900","1362","0.67%"
"Indiana","Martin County","$159,400","865","0.55%"
"Indiana","Miami County","$126,200","756","0.48%"
"Indiana","Monroe County","$285,200","2036","0.74%"
"Indiana","Montgomery County","$171,800","1116","0.64%"
"Indiana","Morgan County","$237,600","1174","0.51%"
"Indiana","Newton County","$171,500","1323","0.79%"
"Indiana","Noble County","$196,800","1310","0.66%"
"Indiana","Ohio County","$213,100","1305","0.68%"
"Indiana","Orange County","$158,700","917","0.73%"
"Indiana","Owen County","$172,400","1145","0.64%"
"Indiana","Parke County","$151,200","735","0.46%"
"Indiana","Perry County","$163,400","1106","0.63%"
"Indiana","Pike County","$154,900","1206","0.77%"
"Indiana","Porter County","$281,500","2326","0.81%"
"Indiana","Posey County","$222,900","1384","0.52%"
"Indiana","Pulaski County","$156,400","708","0.56%"
"Indiana","Putnam County","$218,900","1042","0.45%"
"Indiana","Randolph County","$113,400","900","0.76%"
"Indiana","Ripley County","$222,500","1250","0.58%"
"Indiana","Rush County","$166,800","1079","0.60%"
"Indiana","St. Joseph County","$192,800","1665","0.85%"
"Indiana","Scott County","$158,400","1025","0.65%"
"Indiana","Shelby County","$212,400","1412","0.67%"
"Indiana","Spencer County","$185,200","1147","0.60%"
"Indiana","Starke County","$157,700","967","0.65%"
"Indiana","Steuben County","$216,200","1242","0.54%"
"Indiana","Sullivan County","$131,100","799","0.62%"
"Indiana","Switzerland County","$175,800","793","0.45%"
"Indiana","Tippecanoe County","$239,300","1474","0.67%"
"Indiana","Tipton County","$174,600","1139","0.63%"
"Indiana","Union County","$173,500","1116","0.71%"
"Indiana","Vanderburgh County","$184,000","1474","0.81%"
"Indiana","Vermillion County","$113,100","781","0.79%"
"Indiana","Vigo County","$148,500","1313","0.82%"
"Indiana","Wabash County","$157,200","813","0.51%"
"Indiana","Warren County","$182,500","914","0.55%"
"Indiana","Warrick County","$242,500","1631","0.68%"
"Indiana","Washington County","$172,200","1091","0.59%"
"Indiana","Wayne County","$140,200","1137","0.77%"
"Indiana","Wells County","$197,600","1065","0.49%"
"Indiana","White County","$175,900","953","0.56%"
"Indiana","Whitley County","$219,400","1537","0.72%"
"Iowa","Adair County","$160,400","2050","1.15%"
"Iowa","Adams County","$131,600","1661","0.95%"
"Iowa","Allamakee County","$172,300","2190","0.94%"
"Iowa","Appanoose County","$124,200","1667","1.15%"
"Iowa","Audubon County","$121,900","1634","0.86%"
"Iowa","Benton County","$208,200","2727","1.23%"
"Iowa","Black Hawk County","$188,900","2842","1.33%"
"Iowa","Boone County","$212,400","2910","1.29%"
"Iowa","Bremer County","$219,600","2824","1.23%"
"Iowa","Buchanan County","$176,000","2390","1.22%"
"Iowa","Buena Vista County","$159,500","1931","1.36%"
"Iowa","Butler County","$165,400","2226","1.25%"
"Iowa","Calhoun County","$118,800","1567","1.11%"
"Iowa","Carroll County","$176,000","1916","1.22%"
"Iowa","Cass County","$150,300","2019","1.40%"
"Iowa","Cedar County","$211,300","2568","1.08%"
"Iowa","Cerro Gordo County","$166,400","2410","1.27%"
"Iowa","Cherokee County","$158,700","1569","0.96%"
"Iowa","Chickasaw County","$182,600","1863","1.00%"
"Iowa","Clarke County","$161,100","2578","1.23%"
"Iowa","Clay County","$178,600","2050","0.93%"
"Iowa","Clayton County","$168,500","2181","0.98%"
"Iowa","Clinton County","$160,600","2461","1.34%"
"Iowa","Crawford County","$153,700","1973","1.28%"
"Iowa","Dallas County","$355,600","5001","1.37%"
"Iowa","Davis County","$161,900","2269","1.51%"
"Iowa","Decatur County","$113,900","1831","1.33%"
"Iowa","Delaware County","$177,900","2382","1.16%"
"Iowa","Des Moines County","$136,500","2058","1.36%"
"Iowa","Dickinson County","$270,700","2503","0.78%"
"Iowa","Dubuque County","$237,300","2919","1.15%"
"Iowa","Emmet County","$114,100","1680","1.18%"
"Iowa","Fayette County","$136,800","1782","1.29%"
"Iowa","Floyd County","$143,500","1929","1.15%"
"Iowa","Franklin County","$124,100","1633","1.20%"
"Iowa","Fremont County","$154,400","1868","1.01%"
"Iowa","Greene County","$155,400","1783","1.23%"
"Iowa","Grundy County","$198,800","2273","1.18%"
"Iowa","Guthrie County","$180,100","2199","1.16%"
"Iowa","Hamilton County","$156,400","1977","1.17%"
"Iowa","Hancock County","$141,400","1673","1.18%"
"Iowa","Hardin County","$122,500","1683","1.25%"
"Iowa","Harrison County","$176,000","2325","1.19%"
"Iowa","Henry County","$164,300","2559","1.43%"
"Iowa","Howard County","$147,800","1853","1.17%"
"Iowa","Humboldt County","$155,800","2011","1.34%"
"Iowa","Ida County","$108,900","1260","0.95%"
"Iowa","Iowa County","$193,900","2629","1.19%"
"Iowa","Jackson County","$175,000","2159","0.94%"
"Iowa","Jasper County","$186,300","2633","1.24%"
"Iowa","Jefferson County","$163,400","2311","1.35%"
"Iowa","Johnson County","$308,600","4681","1.40%"
"Iowa","Jones County","$184,800","2450","1.16%"
"Iowa","Keokuk County","$118,700","1494","1.13%"
"Iowa","Kossuth County","$148,300","1490","1.06%"
"Iowa","Lee County","$141,400","1955","1.28%"
"Iowa","Linn County","$214,300","3547","1.47%"
"Iowa","Louisa County","$150,100","1751","1.08%"
"Iowa","Lucas County","$120,200","1645","1.00%"
"Iowa","Lyon County","$230,000","1995","0.86%"
"Iowa","Madison County","$245,100","3624","1.25%"
"Iowa","Mahaska County","$157,800","2077","1.26%"
"Iowa","Marion County","$233,000","2848","1.17%"
"Iowa","Marshall County","$145,500","2067","1.29%"
"Iowa","Mills County","$237,800","3494","1.13%"
"Iowa","Mitchell County","$175,100","1919","0.99%"
"Iowa","Monona County","$142,900","1467","1.06%"
"Iowa","Monroe County","$156,300","2149","1.39%"
"Iowa","Montgomery County","$121,400","2007","1.33%"
"Iowa","Muscatine County","$182,100","2732","1.32%"
"Iowa","O'Brien County","$173,100","1701","1.03%"
"Iowa","Osceola County","$122,600","1387","0.95%"
"Iowa","Page County","$125,300","1764","1.20%"
"Iowa","Palo Alto County","$123,200","1474","1.06%"
"Iowa","Plymouth County","$228,900","2455","0.99%"
"Iowa","Pocahontas County","$98,100","1111","1.06%"
"Iowa","Polk County","$262,100","4396","1.57%"
"Iowa","Pottawattamie County","$195,700","3067","1.32%"
"Iowa","Poweshiek County","$209,300","2563","1.11%"
"Iowa","Ringgold County","$156,200","2098","1.15%"
"Iowa","Sac County","$141,400","1556","0.93%"
"Iowa","Scott County","$222,000","3273","1.44%"
"Iowa","Shelby County","$164,000","2094","1.19%"
"Iowa","Sioux County","$250,100","2801","1.08%"
"Iowa","Story County","$258,700","3632","1.36%"
"Iowa","Tama County","$148,600","2043","1.20%"
"Iowa","Taylor County","$117,200","1482","1.14%"
"Iowa","Union County","$122,000","2197","1.48%"
"Iowa","Van Buren County","$114,600","1355","0.78%"
"Iowa","Wapello County","$125,100","1974","1.37%"
"Iowa","Warren County","$269,600","3865","1.39%"
"Iowa","Washington County","$203,900","2788","1.20%"
"Iowa","Wayne County","$111,300","1509","1.14%"
"Iowa","Webster County","$153,800","2138","1.39%"
"Iowa","Winnebago County","$135,000","1781","1.35%"
"Iowa","Winneshiek County","$259,200","2894","0.99%"
"Iowa","Woodbury County","$183,200","2656","1.39%"
"Iowa","Worth County","$145,800","1600","0.91%"
"Iowa","Wright County","$119,600","1806","1.28%"
"Kansas","Allen County","$107,600","1796","1.30%"
"Kansas","Anderson County","$171,400","2353","1.37%"
"Kansas","Atchison County","$145,700","1925","1.31%"
"Kansas","Barber County","$97,000","1648","1.36%"
"Kansas","Barton County","$126,400","2126","1.57%"
"Kansas","Bourbon County","$113,800","1789","1.35%"
"Kansas","Brown County","$118,100","1461","1.06%"
"Kansas","Butler County","$217,600","3177","1.47%"
"Kansas","Chase County","$109,700","1500","1.26%"
"Kansas","Chautauqua County","$65,500","991","1.00%"
"Kansas","Cherokee County","$100,100","1219","1.06%"
"Kansas","Cheyenne County","$125,900","1636","1.35%"
"Kansas","Clark County","$87,600","1699","1.05%"
"Kansas","Clay County","$155,900","2055","1.32%"
"Kansas","Cloud County","$100,000","1704","1.50%"
"Kansas","Coffey County","$157,400","1717","0.91%"
"Kansas","Comanche County","$69,600","1500","1.93%"
"Kansas","Cowley County","$120,900","1999","1.15%"
"Kansas","Crawford County","$132,600","1406","1.06%"
"Kansas","Decatur County","$89,500","1604","1.51%"
"Kansas","Dickinson County","$146,800","2154","1.38%"
"Kansas","Doniphan County","$135,200","1445","0.91%"
"Kansas","Douglas County","$309,400","3776","1.19%"
"Kansas","Edwards County","$70,900","1120","1.18%"
"Kansas","Elk County","$68,500","1388","1.66%"
"Kansas","Ellis County","$216,300","2682","1.12%"
"Kansas","Ellsworth County","$114,900","1693","1.46%"
"Kansas","Finney County","$201,400","2900","1.36%"
"Kansas","Ford County","$151,100","2300","1.34%"
"Kansas","Franklin County","$198,700","2810","1.31%"
"Kansas","Geary County","$172,700","2496","1.47%"
"Kansas","Gove County","$118,400","1730","1.27%"
"Kansas","Graham County","$89,900","1641","1.47%"
"Kansas","Grant County","$110,300","1670","1.21%"
"Kansas","Gray County","$206,000","3071","1.35%"
"Kansas","Greeley County","$115,200","2178","1.79%"
"Kansas","Greenwood County","$88,700","1348","1.22%"
"Kansas","Hamilton County","$115,800","1729","1.58%"
"Kansas","Harper County","$83,800","1495","1.56%"
"Kansas","Harvey County","$180,300","2715","1.40%"
"Kansas","Haskell County","$165,100","2396","1.35%"
"Kansas","Hodgeman County","$101,600","1683","1.35%"
"Kansas","Jackson County","$207,300","2363","1.10%"
"Kansas","Jefferson County","$216,900","2733","1.11%"
"Kansas","Jewell County","$64,600","1247","1.21%"
"Kansas","Johnson County","$391,200","4447","1.12%"
"Kansas","Kearny County","$200,900","2108","1.14%"
"Kansas","Kingman County","$111,100","1935","1.38%"
"Kansas","Kiowa County","$155,300","1720","1.21%"
"Kansas","Labette County","$94,600","1559","1.40%"
"Kansas","Lane County","$127,100","1680","1.37%"
"Kansas","Leavenworth County","$282,900","3424","1.03%"
"Kansas","Lincoln County","$96,900","1419","1.54%"
"Kansas","Linn County","$173,600","2007","1.00%"
"Kansas","Logan County","$117,900","1932","1.69%"
"Kansas","Lyon County","$150,600","2341","1.36%"
"Kansas","McPherson County","$211,200","2901","1.33%"
"Kansas","Marion County","$124,200","2006","1.45%"
"Kansas","Marshall County","$127,700","1574","1.14%"
"Kansas","Meade County","$148,900","2005","1.12%"
"Kansas","Miami County","$287,700","3643","1.19%"
"Kansas","Mitchell County","$133,800","2217","1.49%"
"Kansas","Montgomery County","$101,700","1754","1.56%"
"Kansas","Morris County","$129,600","1898","1.44%"
"Kansas","Morton County","$96,100","1995","1.84%"
"Kansas","Nemaha County","$217,200","2080","0.91%"
"Kansas","Neosho County","$111,300","1637","1.41%"
"Kansas","Ness County","$89,700","1751","1.55%"
"Kansas","Norton County","$101,500","1724","1.10%"
"Kansas","Osage County","$156,800","2343","1.32%"
"Kansas","Osborne County","$86,400","1465","1.34%"
"Kansas","Ottawa County","$166,000","2760","1.34%"
"Kansas","Pawnee County","$93,000","1887","1.69%"
"Kansas","Phillips County","$96,500","1738","1.19%"
"Kansas","Pottawatomie County","$245,900","2792","1.00%"
"Kansas","Pratt County","$114,600","1993","1.55%"
"Kansas","Rawlins County","$103,800","1620","1.43%"
"Kansas","Reno County","$132,500","2158","1.48%"
"Kansas","Republic County","$75,600","1350","1.43%"
"Kansas","Rice County","$104,600","1593","1.35%"
"Kansas","Riley County","$237,100","3466","1.41%"
"Kansas","Rooks County","$89,000","1718","1.54%"
"Kansas","Rush County","$83,600","1562","1.33%"
"Kansas","Russell County","$119,000","2218","1.56%"
"Kansas","Saline County","$179,600","2345","1.34%"
"Kansas","Scott County","$160,000","2640","1.57%"
"Kansas","Sedgwick County","$203,300","2461","1.18%"
"Kansas","Seward County","$136,500","2284","1.56%"
"Kansas","Shawnee County","$180,900","2705","1.34%"
"Kansas","Sheridan County","$167,200","2490","1.21%"
"Kansas","Sherman County","$136,700","2171","1.45%"
"Kansas","Smith County","$94,100","1722","1.71%"
"Kansas","Stafford County","$97,600","1550","1.26%"
"Kansas","Stanton County","$67,800","1667","1.91%"
"Kansas","Stevens County","$129,300","2433","1.78%"
"Kansas","Sumner County","$135,100","2130","1.36%"
"Kansas","Thomas County","$172,700","2440","1.34%"
"Kansas","Trego County","$120,900","1753","1.39%"
"Kansas","Wabaunsee County","$177,300","2276","1.06%"
"Kansas","Wallace County","$105,000","1405","1.38%"
"Kansas","Washington County","$117,100","1607","0.90%"
"Kansas","Wichita County","$99,300","1728","1.35%"
"Kansas","Wilson County","$93,500","1387","1.27%"
"Kansas","Woodson County","$81,200","1569","1.36%"
"Kansas","Wyandotte County","$172,300","2509","1.39%"
"Kentucky","Adair County","$150,800","971","0.56%"
"Kentucky","Allen County","$192,300","1046","0.57%"
"Kentucky","Anderson County","$225,100","1697","0.72%"
"Kentucky","Ballard County","$145,800","1065","0.66%"
"Kentucky","Barren County","$178,000","1212","0.59%"
"Kentucky","Bath County","$129,800","850","0.56%"
"Kentucky","Bell County","$89,000","723","0.57%"
"Kentucky","Boone County","$277,300","2372","0.84%"
"Kentucky","Bourbon County","$229,300","1627","0.57%"
"Kentucky","Boyd County","$130,700","1156","0.79%"
"Kentucky","Boyle County","$209,900","1731","0.76%"
"Kentucky","Bracken County","$125,000","1149","0.73%"
"Kentucky","Breathitt County","$70,300","510","0.66%"
"Kentucky","Breckinridge County","$156,700","916","0.54%"
"Kentucky","Bullitt County","$247,200","2050","0.84%"
"Kentucky","Butler County","$111,100","645","0.50%"
"Kentucky","Caldwell County","$118,500","643","0.52%"
"Kentucky","Calloway County","$183,200","1195","0.61%"
"Kentucky","Campbell County","$252,000","2556","1.06%"
"Kentucky","Carlisle County","$120,400","945","0.51%"
"Kentucky","Carroll County","$140,900","1070","0.62%"
"Kentucky","Carter County","$132,800","649","0.45%"
"Kentucky","Casey County","$136,300","812","0.54%"
"Kentucky","Christian County","$173,600","1126","0.59%"
"Kentucky","Clark County","$205,800","1451","0.75%"
"Kentucky","Clay County","$90,700","634","0.49%"
"Kentucky","Clinton County","$122,200","637","0.42%"
"Kentucky","Crittenden County","$127,300","731","0.47%"
"Kentucky","Cumberland County","$141,100","760","0.51%"
"Kentucky","Daviess County","$199,900","1675","0.81%"
"Kentucky","Edmonson County","$160,300","881","0.51%"
"Kentucky","Elliott County","$123,500","755","0.50%"
"Kentucky","Estill County","$119,500","799","0.63%"
"Kentucky","Fayette County","$293,500","2542","0.84%"
"Kentucky","Fleming County","$134,700","866","0.57%"
"Kentucky","Floyd County","$98,700","748","0.67%"
"Kentucky","Franklin County","$216,600","1716","0.73%"
"Kentucky","Fulton County","$79,100","634","0.64%"
"Kentucky","Gallatin County","$178,200","1476","0.71%"
"Kentucky","Garrard County","$204,900","1422","0.59%"
"Kentucky","Grant County","$209,500","1432","0.66%"
"Kentucky","Graves County","$147,800","970","0.58%"
"Kentucky","Grayson County","$164,600","930","0.50%"
"Kentucky","Green County","$125,000","817","0.17%"
"Kentucky","Greenup County","$134,000","1171","0.94%"
"Kentucky","Hancock County","$141,200","930","0.66%"
"Kentucky","Hardin County","$225,800","1480","0.63%"
"Kentucky","Harlan County","$73,700","732","0.74%"
"Kentucky","Harrison County","$202,100","1328","0.50%"
"Kentucky","Hart County","$146,000","965","0.68%"
"Kentucky","Henderson County","$171,900","1548","0.86%"
"Kentucky","Henry County","$197,900","1611","0.73%"
"Kentucky","Hickman County","$115,700","779","0.55%"
"Kentucky","Hopkins County","$142,800","1104","0.73%"
"Kentucky","Jackson County","$111,500","687","0.47%"
"Kentucky","Jefferson County","$248,400","2136","0.85%"
"Kentucky","Jessamine County","$268,100","1960","0.73%"
"Kentucky","Johnson County","$120,200","792","0.57%"
"Kentucky","Kenton County","$244,400","2395","0.96%"
"Kentucky","Knott County","$77,000","571","0.51%"
"Kentucky","Knox County","$118,700","779","0.54%"
"Kentucky","Larue County","$183,500","1104","0.58%"
"Kentucky","Laurel County","$159,500","906","0.49%"
"Kentucky","Lawrence County","$111,700","793","0.61%"
"Kentucky","Lee County","$83,900","705","0.76%"
"Kentucky","Leslie County","$69,000","563","0.67%"
"Kentucky","Letcher County","$67,400","648","0.67%"
"Kentucky","Lewis County","$96,000","617","0.50%"
"Kentucky","Lincoln County","$147,300","1066","0.64%"
"Kentucky","Livingston County","$125,600","770","0.54%"
"Kentucky","Logan County","$164,900","1010","0.65%"
"Kentucky","Lyon County","$189,500","1196","0.57%"
"Kentucky","McCracken County","$188,100","1410","0.79%"
"Kentucky","McCreary County","$85,300","554","0.47%"
"Kentucky","McLean County","$148,500","954","0.66%"
"Kentucky","Madison County","$232,000","1698","0.71%"
"Kentucky","Magoffin County","$89,000","694","0.40%"
"Kentucky","Marion County","$168,100","1157","0.60%"
"Kentucky","Marshall County","$173,800","1252","0.67%"
"Kentucky","Martin County","$86,900","716","0.56%"
"Kentucky","Mason County","$161,500","1055","0.64%"
"Kentucky","Meade County","$207,900","1408","0.66%"
"Kentucky","Menifee County","$125,800","644","0.45%"
"Kentucky","Mercer County","$202,300","1672","0.72%"
"Kentucky","Metcalfe County","$110,200","743","0.51%"
"Kentucky","Monroe County","$115,900","891","0.56%"
"Kentucky","Montgomery County","$172,200","1265","0.75%"
"Kentucky","Morgan County","$118,200","780","0.54%"
"Kentucky","Muhlenberg County","$127,400","790","0.59%"
"Kentucky","Nelson County","$238,000","1891","0.74%"
"Kentucky","Nicholas County","$123,000","729","0.51%"
"Kentucky","Ohio County","$121,400","753","0.58%"
"Kentucky","Oldham County","$393,100","3519","0.92%"
"Kentucky","Owen County","$168,700","1220","0.64%"
"Kentucky","Owsley County","$80,100","570","0.58%"
"Kentucky","Pendleton County","$159,800","1275","0.65%"
"Kentucky","Perry County","$91,800","643","0.60%"
"Kentucky","Pike County","$112,000","772","0.64%"
"Kentucky","Powell County","$141,100","875","0.50%"
"Kentucky","Pulaski County","$166,900","1057","0.50%"
"Kentucky","Robertson County","$165,100","893","0.39%"
"Kentucky","Rockcastle County","$123,600","596","0.49%"
"Kentucky","Rowan County","$161,800","885","0.56%"
"Kentucky","Russell County","$163,200","929","0.50%"
"Kentucky","Scott County","$288,500","1908","0.62%"
"Kentucky","Shelby County","$304,800","2339","0.73%"
"Kentucky","Simpson County","$229,400","1371","0.61%"
"Kentucky","Spencer County","$330,000","2188","0.65%"
"Kentucky","Taylor County","$174,200","1202","0.61%"
"Kentucky","Todd County","$166,700","909","0.55%"
"Kentucky","Trigg County","$207,700","1162","0.63%"
"Kentucky","Trimble County","$172,000","1139","0.56%"
"Kentucky","Union County","$104,500","927","0.80%"
"Kentucky","Warren County","$258,000","1668","0.62%"
"Kentucky","Washington County","$179,200","1174","0.58%"
"Kentucky","Wayne County","$135,700","758","0.50%"
"Kentucky","Webster County","$112,900","993","0.68%"
"Kentucky","Whitley County","$131,800","849","0.57%"
"Kentucky","Wolfe County","$75,800","414","0.37%"
"Kentucky","Woodford County","$299,700","2108","0.67%"
"Louisiana","Acadia Parish","$155,500","483","0.36%"
"Louisiana","Allen Parish","$104,500","267","0.34%"
"Louisiana","Ascension Parish","$279,600","1519","0.51%"
"Louisiana","Assumption Parish","$150,300","552","0.37%"
"Louisiana","Avoyelles Parish","$122,400","249","0.22%"
"Louisiana","Beauregard Parish","$161,700","576","0.21%"
"Louisiana","Bienville Parish","$99,500","301","0.24%"
"Louisiana","Bossier Parish","$227,200","1445","0.66%"
"Louisiana","Caddo Parish","$175,700","1085","0.68%"
"Louisiana","Calcasieu Parish","$217,000","968","0.47%"
"Louisiana","Caldwell Parish","$93,300","415","0.29%"
"Louisiana","Cameron Parish","$202,500","936","0.43%"
"Louisiana","Catahoula Parish","$101,800","325","0.25%"
"Louisiana","Claiborne Parish","$82,100","356","0.26%"
"Louisiana","Concordia Parish","$103,800","384","0.31%"
"Louisiana","De Soto Parish","$154,900","540","0.31%"
"Louisiana","East Baton Rouge Parish","$248,800","1656","0.63%"
"Louisiana","East Carroll Parish","$100,500","277","0.32%"
"Louisiana","East Feliciana Parish","$228,100","339","0.20%"
"Louisiana","Evangeline Parish","$124,600","362","0.31%"
"Louisiana","Franklin Parish","$113,000","351","0.25%"
"Louisiana","Grant Parish","$143,300","862","0.33%"
"Louisiana","Iberia Parish","$164,500","593","0.36%"
"Louisiana","Iberville Parish","$172,800","556","0.35%"
"Louisiana","Jackson Parish","$115,600","352","0.24%"
"Louisiana","Jefferson Parish","$251,400","1312","0.57%"
"Louisiana","Jefferson Davis Parish","$150,800","442","0.45%"
"Louisiana","Lafayette Parish","$242,900","1380","0.57%"
"Louisiana","Lafourche Parish","$193,900","1038","0.42%"
"Louisiana","LaSalle Parish","$119,500","532","0.28%"
"Louisiana","Lincoln Parish","$210,100","971","0.46%"
"Louisiana","Livingston Parish","$230,600","1066","0.44%"
"Louisiana","Madison Parish","$96,200","313","0.31%"
"Louisiana","Morehouse Parish","$118,800","530","0.49%"
"Louisiana","Natchitoches Parish","$171,300","755","0.40%"
"Louisiana","Orleans Parish","$315,700","2606","0.85%"
"Louisiana","Ouachita Parish","$194,400","1054","0.52%"
"Louisiana","Plaquemines Parish","$282,900","1427","0.43%"
"Louisiana","Pointe Coupee Parish","$179,300","565","0.32%"
"Louisiana","Rapides Parish","$181,100","1000","0.48%"
"Louisiana","Red River Parish","$119,700","506","0.21%"
"Louisiana","Richland Parish","$141,900","401","0.23%"
"Louisiana","Sabine Parish","$123,100","484","0.25%"
"Louisiana","St. Bernard Parish","$202,500","961","0.34%"
"Louisiana","St. Charles Parish","$263,700","1562","0.54%"
"Louisiana","St. Helena Parish","$77,300","469","0.13%"
"Louisiana","St. James Parish","$211,800","1113","0.47%"
"Louisiana","St. John the Baptist Parish","$193,200","877","0.42%"
"Louisiana","St. Landry Parish","$142,500","411","0.25%"
"Louisiana","St. Martin Parish","$164,200","725","0.35%"
"Louisiana","St. Mary Parish","$138,900","545","0.38%"
"Louisiana","St. Tammany Parish","$284,000","2028","0.71%"
"Louisiana","Tangipahoa Parish","$212,900","882","0.34%"
"Louisiana","Tensas Parish","$86,300","221","0.33%"
"Louisiana","Terrebonne Parish","$187,200","836","0.40%"
"Louisiana","Union Parish","$112,500","518","0.32%"
"Louisiana","Vermilion Parish","$163,300","589","0.33%"
"Louisiana","Vernon Parish","$156,000","819","0.27%"
"Louisiana","Washington Parish","$155,700","507","0.27%"
"Louisiana","Webster Parish","$114,500","412","0.29%"
"Louisiana","West Baton Rouge Parish","$229,900","1251","0.47%"
"Louisiana","West Carroll Parish","$94,400","200-","0.13%"
"Louisiana","West Feliciana Parish","$245,700","1556","0.43%"
"Louisiana","Winn Parish","$108,500","325","0.19%"
"Maine","Androscoggin County","$252,800","2940","1.19%"
"Maine","Aroostook County","$149,700","1672","1.06%"
"Maine","Cumberland County","$451,200","4707","1.01%"
"Maine","Franklin County","$194,700","2027","0.99%"
"Maine","Hancock County","$310,400","2561","0.84%"
"Maine","Kennebec County","$238,200","2605","1.04%"
"Maine","Knox County","$324,900","3786","1.08%"
"Maine","Lincoln County","$332,700","2828","0.85%"
"Maine","Oxford County","$217,300","2162","0.87%"
"Maine","Penobscot County","$214,100","2481","1.11%"
"Maine","Piscataquis County","$170,200","1537","0.78%"
"Maine","Sagadahoc County","$333,300","3470","0.99%"
"Maine","Somerset County","$166,900","1798","0.99%"
"Maine","Waldo County","$257,700","2684","1.00%"
"Maine","Washington County","$161,800","1683","0.93%"
"Maine","York County","$395,700","3787","0.89%"
"Maryland","Allegany County","$154,900","1636","0.94%"
"Maryland","Anne Arundel County","$467,900","3957","0.80%"
"Maryland","Baltimore County","$349,300","3736","0.96%"
"Maryland","Calvert County","$460,200","3885","0.83%"
"Maryland","Caroline County","$290,100","2619","0.75%"
"Maryland","Carroll County","$434,000","3934","0.87%"
"Maryland","Cecil County","$343,400","3068","0.86%"
"Maryland","Charles County","$428,500","4339","0.97%"
"Maryland","Dorchester County","$262,400","2456","0.84%"
"Maryland","Frederick County","$464,600","4584","0.94%"
"Maryland","Garrett County","$235,300","1836","0.72%"
"Maryland","Harford County","$386,400","3448","0.83%"
"Maryland","Howard County","$597,900","6987","1.11%"
"Maryland","Kent County","$330,900","3025","0.92%"
"Maryland","Montgomery County","$640,300","5539","0.85%"
"Maryland","Prince George's County","$426,000","4771","1.06%"
"Maryland","Queen Anne's County","$462,700","3623","0.74%"
"Maryland","St. Mary's County","$407,600","3424","0.77%"
"Maryland","Somerset County","$173,200","1591","0.70%"
"Maryland","Talbot County","$409,700","2647","0.56%"
"Maryland","Washington County","$296,100","2481","0.81%"
"Maryland","Wicomico County","$254,700","2171","0.77%"
"Maryland","Worcester County","$374,700","2738","0.73%"
"Maryland","Baltimore city","$229,600","3354","1.37%"
"Massachusetts","Barnstable County","$629,000","4239","0.65%"
"Massachusetts","Berkshire County","$305,400","4036","1.13%"
"Massachusetts","Bristol County","$451,200","4807","1.03%"
"Massachusetts","Dukes County","$1,165,800","5828","0.46%"
"Massachusetts","Essex County","$619,100","6430","1.02%"
"Massachusetts","Franklin County","$329,000","4720","1.32%"
"Massachusetts","Hampden County","$298,800","4455","1.41%"
"Massachusetts","Hampshire County","$390,300","5589","1.36%"
"Massachusetts","Middlesex County","$727,800","7501","1.01%"
"Massachusetts","Nantucket County","$1,593,800","3974","0.27%"
"Massachusetts","Norfolk County","$683,900","7261","1.02%"
"Massachusetts","Plymouth County","$556,000","6502","1.06%"
"Massachusetts","Suffolk County","$705,800","4649","0.69%"
"Massachusetts","Worcester County","$423,700","5438","1.25%"
"Michigan","Alcona County","$162,800","1341","0.81%"
"Michigan","Alger County","$176,200","1656","0.89%"
"Michigan","Allegan County","$267,100","2884","1.00%"
"Michigan","Alpena County","$153,900","1639","1.01%"
"Michigan","Antrim County","$255,500","2157","0.80%"
"Michigan","Arenac County","$150,600","1707","1.00%"
"Michigan","Baraga County","$138,100","1679","0.86%"
"Michigan","Barry County","$264,100","2769","0.96%"
"Michigan","Bay County","$152,200","2271","1.31%"
"Michigan","Benzie County","$285,700","2262","0.77%"
"Michigan","Berrien County","$224,300","2429","1.02%"
"Michigan","Branch County","$162,500","1879","1.01%"
"Michigan","Calhoun County","$162,800","2368","1.34%"
"Michigan","Cass County","$218,000","2116","0.93%"
"Michigan","Charlevoix County","$276,800","2493","0.84%"
"Michigan","Cheboygan County","$192,500","1704","0.87%"
"Michigan","Chippewa County","$161,900","2038","1.12%"
"Michigan","Clare County","$133,800","1489","0.99%"
"Michigan","Clinton County","$259,500","3185","1.19%"
"Michigan","Crawford County","$163,000","1734","1.00%"
"Michigan","Delta County","$157,100","1771","1.06%"
"Michigan","Dickinson County","$153,300","1940","1.15%"
"Michigan","Eaton County","$216,900","3067","1.34%"
"Michigan","Emmet County","$315,700","2634","0.82%"
"Michigan","Genesee County","$182,400","2487","1.25%"
"Michigan","Gladwin County","$162,300","1867","1.01%"
"Michigan","Gogebic County","$107,200","1535","1.22%"
"Michigan","Grand Traverse County","$339,400","3010","0.84%"
"Michigan","Gratiot County","$147,500","1826","1.10%"
"Michigan","Hillsdale County","$176,100","1738","0.91%"
"Michigan","Houghton County","$159,900","1858","1.13%"
"Michigan","Huron County","$154,300","1829","1.07%"
"Michigan","Ingham County","$198,800","3640","1.76%"
"Michigan","Ionia County","$198,500","2237","1.00%"
"Michigan","Iosco County","$142,200","1359","0.88%"
"Michigan","Iron County","$109,100","1467","1.05%"
"Michigan","Isabella County","$170,400","2276","1.17%"
"Michigan","Jackson County","$193,700","2432","1.11%"
"Michigan","Kalamazoo County","$241,800","3498","1.35%"
"Michigan","Kalkaska County","$188,900","1646","0.88%"
"Michigan","Kent County","$289,900","3217","1.05%"
"Michigan","Keweenaw County","$169,800","1689","1.00%"
"Michigan","Lake County","$133,900","1456","0.81%"
"Michigan","Lapeer County","$239,000","2202","0.81%"
"Michigan","Leelanau County","$458,400","3118","0.66%"
"Michigan","Lenawee County","$196,800","2492","1.15%"
"Michigan","Livingston County","$356,800","3454","0.95%"
"Michigan","Luce County","$112,000","1097","0.77%"
"Michigan","Mackinac County","$174,500","1863","0.86%"
"Michigan","Macomb County","$243,900","3404","1.23%"
"Michigan","Manistee County","$182,200","1898","0.91%"
"Michigan","Marquette County","$216,500","2109","0.99%"
"Michigan","Mason County","$219,600","2334","0.98%"
"Michigan","Mecosta County","$178,900","1778","0.93%"
"Michigan","Menominee County","$151,800","1537","0.93%"
"Michigan","Midland County","$195,400","2875","1.39%"
"Michigan","Missaukee County","$170,400","1675","0.83%"
"Michigan","Monroe County","$228,900","2648","1.04%"
"Michigan","Montcalm County","$185,500","1876","0.99%"
"Michigan","Montmorency County","$158,600","1364","0.84%"
"Michigan","Muskegon County","$198,300","2348","1.10%"
"Michigan","Newaygo County","$186,700","2055","0.98%"
"Michigan","Oakland County","$343,600","4371","1.25%"
"Michigan","Oceana County","$190,100","1914","0.82%"
"Michigan","Ogemaw County","$154,900","1464","0.91%"
"Michigan","Ontonagon County","$111,700","1294","1.13%"
"Michigan","Osceola County","$155,400","1584","0.91%"
"Michigan","Oscoda County","$125,500","1177","0.79%"
"Michigan","Otsego County","$219,700","1755","0.77%"
"Michigan","Ottawa County","$323,400","3313","1.03%"
"Michigan","Presque Isle County","$151,300","1432","0.85%"
"Michigan","Roscommon County","$158,700","1604","0.89%"
"Michigan","Saginaw County","$152,800","2284","1.34%"
"Michigan","St. Clair County","$224,600","2562","1.04%"
"Michigan","St. Joseph County","$178,300","1959","1.01%"
"Michigan","Sanilac County","$168,300","1520","0.80%"
"Michigan","Schoolcraft County","$141,800","1407","0.89%"
"Michigan","Shiawassee County","$171,600","2251","1.12%"
"Michigan","Tuscola County","$149,500","1812","1.09%"
"Michigan","Van Buren County","$206,500","2536","1.11%"
"Michigan","Washtenaw County","$374,100","5678","1.46%"
"Michigan","Wayne County","$178,500","2904","1.47%"
"Michigan","Wexford County","$170,400","1927","1.06%"
"Minnesota","Aitkin County","$255,800","1407","0.58%"
"Minnesota","Anoka County","$346,500","3271","0.94%"
"Minnesota","Becker County","$291,000","2014","0.70%"
"Minnesota","Beltrami County","$237,500","2309","0.80%"
"Minnesota","Benton County","$271,000","2651","0.92%"
"Minnesota","Big Stone County","$169,100","1473","0.87%"
"Minnesota","Blue Earth County","$266,700","2601","0.96%"
"Minnesota","Brown County","$191,200","1976","1.00%"
"Minnesota","Carlton County","$245,100","2862","1.08%"
"Minnesota","Carver County","$453,600","4501","0.96%"
"Minnesota","Cass County","$288,300","1615","0.56%"
"Minnesota","Chippewa County","$156,100","1711","1.03%"
"Minnesota","Chisago County","$351,900","3780","1.02%"
"Minnesota","Clay County","$265,500","3013","1.11%"
"Minnesota","Clearwater County","$192,100","1295","0.69%"
"Minnesota","Cook County","$336,200","2304","0.69%"
"Minnesota","Cottonwood County","$169,300","1781","1.05%"
"Minnesota","Crow Wing County","$306,800","2283","0.72%"
"Minnesota","Dakota County","$381,000","3749","0.96%"
"Minnesota","Dodge County","$287,700","3191","1.01%"
"Minnesota","Douglas County","$321,400","2674","0.84%"
"Minnesota","Faribault County","$135,300","1334","0.90%"
"Minnesota","Fillmore County","$221,100","2076","0.81%"
"Minnesota","Freeborn County","$171,100","1907","1.08%"
"Minnesota","Goodhue County","$285,100","2998","0.98%"
"Minnesota","Grant County","$191,000","1783","0.86%"
"Minnesota","Hennepin County","$392,900","4480","1.10%"
"Minnesota","Houston County","$239,000","2756","1.03%"
"Minnesota","Hubbard County","$282,600","2217","0.74%"
"Minnesota","Isanti County","$306,200","3081","0.97%"
"Minnesota","Itasca County","$225,200","1945","0.86%"
"Minnesota","Jackson County","$157,100","1460","0.84%"
"Minnesota","Kanabec County","$228,100","2582","1.08%"
"Minnesota","Kandiyohi County","$243,200","2492","0.91%"
"Minnesota","Kittson County","$134,800","1239","0.81%"
"Minnesota","Koochiching County","$156,600","1156","0.79%"
"Minnesota","Lac qui Parle County","$157,600","1422","0.90%"
"Minnesota","Lake County","$241,300","1765","0.61%"
"Minnesota","Lake of the Woods County","$216,100","1419","0.82%"
"Minnesota","Le Sueur County","$316,500","3366","0.98%"
"Minnesota","Lincoln County","$164,400","1574","0.90%"
"Minnesota","Lyon County","$200,700","2126","0.98%"
"Minnesota","McLeod County","$246,100","2840","1.09%"
"Minnesota","Mahnomen County","$161,900","1509","0.87%"
"Minnesota","Marshall County","$164,500","1315","0.82%"
"Minnesota","Martin County","$163,500","1671","1.00%"
"Minnesota","Meeker County","$249,000","2243","0.83%"
"Minnesota","Mille Lacs County","$258,300","2698","0.96%"
"Minnesota","Morrison County","$248,500","2190","0.81%"
"Minnesota","Mower County","$185,200","1907","0.98%"
"Minnesota","Murray County","$185,400","1471","0.75%"
"Minnesota","Nicollet County","$270,300","3046","1.04%"
"Minnesota","Nobles County","$197,200","1956","0.86%"
"Minnesota","Norman County","$147,100","1378","0.91%"
"Minnesota","Olmsted County","$331,700","3525","1.01%"
"Minnesota","Otter Tail County","$273,000","2093","0.73%"
"Minnesota","Pennington County","$195,500","2458","1.08%"
"Minnesota","Pine County","$239,300","2068","0.83%"
"Minnesota","Pipestone County","$140,200","1209","0.83%"
"Minnesota","Polk County","$222,800","2245","1.01%"
"Minnesota","Pope County","$255,100","1967","0.69%"
"Minnesota","Ramsey County","$326,600","3966","1.19%"
"Minnesota","Red Lake County","$162,000","1622","1.01%"
"Minnesota","Redwood County","$158,200","1581","0.82%"
"Minnesota","Renville County","$163,200","1691","1.01%"
"Minnesota","Rice County","$320,200","3115","1.01%"
"Minnesota","Rock County","$224,300","1590","0.73%"
"Minnesota","Roseau County","$183,700","1779","0.94%"
"Minnesota","St. Louis County","$221,400","2271","1.02%"
"Minnesota","Scott County","$419,400","4230","0.95%"
"Minnesota","Sherburne County","$361,400","3560","0.95%"
"Minnesota","Sibley County","$231,900","2544","0.95%"
"Minnesota","Stearns County","$273,400","2742","0.91%"
"Minnesota","Steele County","$245,400","2964","1.16%"
"Minnesota","Stevens County","$202,800","1634","0.82%"
"Minnesota","Swift County","$161,400","1386","0.80%"
"Minnesota","Todd County","$207,700","1982","0.95%"
"Minnesota","Traverse County","$114,100","1126","0.92%"
"Minnesota","Wabasha County","$264,400","2785","0.95%"
"Minnesota","Wadena County","$173,000","1806","1.01%"
"Minnesota","Waseca County","$220,800","2603","1.13%"
"Minnesota","Washington County","$422,000","4164","0.94%"
"Minnesota","Watonwan County","$162,400","1700","1.02%"
"Minnesota","Wilkin County","$182,200","1435","0.91%"
"Minnesota","Winona County","$235,400","2180","0.86%"
"Minnesota","Wright County","$358,900","3523","0.95%"
"Minnesota","Yellow Medicine County","$154,700","1606","0.96%"
"Mississippi","Adams County","$108,700","974","0.51%"
"Mississippi","Alcorn County","$142,100","831","0.46%"
"Mississippi","Amite County","$100,800","386","0.33%"
"Mississippi","Attala County","$104,600","707","0.54%"
"Mississippi","Benton County","$105,100","720","0.39%"
"Mississippi","Bolivar County","$130,000","950","0.55%"
"Mississippi","Calhoun County","$90,300","600","0.55%"
"Mississippi","Carroll County","$109,600","577","0.51%"
"Mississippi","Chickasaw County","$109,800","800","0.42%"
"Mississippi","Choctaw County","$117,200","563","0.40%"
"Mississippi","Claiborne County","$82,700","403","0.31%"
"Mississippi","Clarke County","$118,100","666","0.41%"
"Mississippi","Clay County","$129,100","810","0.57%"
"Mississippi","Coahoma County","$90,300","1012","0.75%"
"Mississippi","Copiah County","$114,100","820","0.42%"
"Mississippi","Covington County","$105,100","619","0.41%"
"Mississippi","DeSoto County","$269,600","1613","0.53%"
"Mississippi","Forrest County","$168,000","1361","0.70%"
"Mississippi","Franklin County","$101,900","739","0.54%"
"Mississippi","George County","$166,900","1044","0.53%"
"Mississippi","Greene County","$92,700","791","0.52%"
"Mississippi","Grenada County","$132,200","1355","0.75%"
"Mississippi","Hancock County","$224,200","1583","0.66%"
"Mississippi","Harrison County","$212,200","1370","0.59%"
"Mississippi","Hinds County","$159,900","1403","0.72%"
"Mississippi","Holmes County","$80,400","690","0.51%"
"Mississippi","Humphreys County","$87,800","861","0.74%"
"Mississippi","Issaquena County","$110,800","n.a.","0.32%"
"Mississippi","Itawamba County","$142,400","835","0.42%"
"Mississippi","Jackson County","$193,100","1366","0.67%"
"Mississippi","Jasper County","$107,100","737","0.41%"
"Mississippi","Jefferson County","$81,300","698","0.62%"
"Mississippi","Jefferson Davis County","$90,100","800","0.53%"
"Mississippi","Jones County","$143,100","1053","0.70%"
"Mississippi","Kemper County","$99,600","563","0.49%"
"Mississippi","Lafayette County","$315,400","1719","0.52%"
"Mississippi","Lamar County","$224,700","1479","0.63%"
"Mississippi","Lauderdale County","$133,300","1228","0.65%"
"Mississippi","Lawrence County","$100,000","674","0.61%"
"Mississippi","Leake County","$116,800","778","0.58%"
"Mississippi","Lee County","$199,500","1384","0.70%"
"Mississippi","Leflore County","$101,200","1033","0.77%"
"Mississippi","Lincoln County","$155,800","1089","0.57%"
"Mississippi","Lowndes County","$164,100","992","0.54%"
"Mississippi","Madison County","$311,100","2108","0.62%"
"Mississippi","Marion County","$122,800","922","0.57%"
"Mississippi","Marshall County","$167,900","1213","0.60%"
"Mississippi","Monroe County","$120,800","843","0.48%"
"Mississippi","Montgomery County","$126,800","1269","0.81%"
"Mississippi","Neshoba County","$100,000","893","0.53%"
"Mississippi","Newton County","$106,300","778","0.49%"
"Mississippi","Noxubee County","$90,800","868","0.39%"
"Mississippi","Oktibbeha County","$237,700","1691","0.69%"
"Mississippi","Panola County","$127,800","826","0.56%"
"Mississippi","Pearl River County","$182,300","1189","0.58%"
"Mississippi","Perry County","$124,000","763","0.44%"
"Mississippi","Pike County","$110,800","975","0.60%"
"Mississippi","Pontotoc County","$157,100","911","0.50%"
"Mississippi","Prentiss County","$122,500","894","0.48%"
"Mississippi","Quitman County","$69,600","740","0.72%"
"Mississippi","Rankin County","$237,400","1428","0.58%"
"Mississippi","Scott County","$106,700","710","0.51%"
"Mississippi","Sharkey County","$98,000","861","0.72%"
"Mississippi","Simpson County","$122,200","751","0.44%"
"Mississippi","Smith County","$112,600","469","0.38%"
"Mississippi","Stone County","$161,100","1134","0.49%"
"Mississippi","Sunflower County","$100,300","930","0.65%"
"Mississippi","Tallahatchie County","$82,300","503","0.45%"
"Mississippi","Tate County","$209,000","1354","0.63%"
"Mississippi","Tippah County","$124,100","956","0.56%"
"Mississippi","Tishomingo County","$145,100","705","0.34%"
"Mississippi","Tunica County","$175,900","940","0.45%"
"Mississippi","Union County","$163,400","918","0.42%"
"Mississippi","Walthall County","$126,600","913","0.49%"
"Mississippi","Warren County","$156,400","1244","0.47%"
"Mississippi","Washington County","$104,000","891","0.92%"
"Mississippi","Wayne County","$91,100","578","0.47%"
"Mississippi","Webster County","$120,100","821","0.44%"
"Mississippi","Wilkinson County","$90,000","895","0.62%"
"Mississippi","Winston County","$124,600","806","0.49%"
"Mississippi","Yalobusha County","$122,300","809","0.47%"
"Mississippi","Yazoo County","$153,800","1197","0.53%"
"Missouri","Adair County","$165,700","1276","0.67%"
"Missouri","Andrew County","$215,400","1568","0.69%"
"Missouri","Atchison County","$106,800","1241","1.06%"
"Missouri","Audrain County","$143,100","1131","0.72%"
"Missouri","Barry County","$187,800","988","0.46%"
"Missouri","Barton County","$136,500","963","0.59%"
"Missouri","Bates County","$170,800","1039","0.56%"
"Missouri","Benton County","$177,900","937","0.47%"
"Missouri","Bollinger County","$179,800","1034","0.48%"
"Missouri","Boone County","$272,800","2328","0.82%"
"Missouri","Buchanan County","$166,300","1281","0.74%"
"Missouri","Butler County","$145,100","967","0.64%"
"Missouri","Caldwell County","$166,500","1338","0.64%"
"Missouri","Callaway County","$201,600","1548","0.66%"
"Missouri","Camden County","$305,400","1426","0.46%"
"Missouri","Cape Girardeau County","$220,700","1421","0.63%"
"Missouri","Carroll County","$117,500","924","0.69%"
"Missouri","Carter County","$159,400","677","0.44%"
"Missouri","Cass County","$292,400","2504","0.83%"
"Missouri","Cedar County","$168,100","1044","0.59%"
"Missouri","Chariton County","$160,900","1032","0.69%"
"Missouri","Christian County","$274,900","1938","0.69%"
"Missouri","Clark County","$130,700","1134","0.66%"
"Missouri","Clay County","$275,600","2941","1.06%"
"Missouri","Clinton County","$226,800","1845","0.72%"
"Missouri","Cole County","$229,600","1769","0.73%"
"Missouri","Cooper County","$203,500","1334","0.63%"
"Missouri","Crawford County","$172,600","972","0.51%"
"Missouri","Dade County","$170,600","1055","0.57%"
"Missouri","Dallas County","$190,300","756","0.42%"
"Missouri","Daviess County","$161,800","1067","0.49%"
"Missouri","DeKalb County","$169,200","1285","0.59%"
"Missouri","Dent County","$167,500","878","0.35%"
"Missouri","Douglas County","$168,200","740","0.38%"
"Missouri","Dunklin County","$97,600","688","0.71%"
"Missouri","Franklin County","$227,600","1813","0.73%"
"Missouri","Gasconade County","$179,900","1315","0.63%"
"Missouri","Gentry County","$134,000","1249","0.74%"
"Missouri","Greene County","$221,300","1572","0.72%"
"Missouri","Grundy County","$112,500","1125","0.77%"
"Missouri","Harrison County","$109,500","973","0.80%"
"Missouri","Henry County","$160,600","1296","0.62%"
"Missouri","Hickory County","$176,100","722","0.40%"
"Missouri","Holt County","$138,200","967","0.79%"
"Missouri","Howard County","$159,400","1227","0.53%"
"Missouri","Howell County","$173,000","872","0.44%"
"Missouri","Iron County","$119,300","810","0.49%"
"Missouri","Jackson County","$230,500","2575","1.13%"
"Missouri","Jasper County","$166,900","1196","0.68%"
"Missouri","Jefferson County","$237,200","1906","0.80%"
"Missouri","Johnson County","$235,700","1565","0.69%"
"Missouri","Knox County","$101,400","842","0.65%"
"Missouri","Laclede County","$168,400","1011","0.54%"
"Missouri","Lafayette County","$216,500","1581","0.69%"
"Missouri","Lawrence County","$175,100","1032","0.49%"
"Missouri","Lewis County","$130,200","919","0.64%"
"Missouri","Lincoln County","$244,300","1811","0.69%"
"Missouri","Linn County","$123,300","888","0.70%"
"Missouri","Livingston County","$147,700","1202","0.75%"
"Missouri","McDonald County","$154,700","712","0.35%"
"Missouri","Macon County","$149,100","1035","0.65%"
"Missouri","Madison County","$159,000","1130","0.64%"
"Missouri","Maries County","$219,100","1115","0.45%"
"Missouri","Marion County","$162,000","1335","0.75%"
"Missouri","Mercer County","$104,900","1006","0.69%"
"Missouri","Miller County","$192,600","1102","0.55%"
"Missouri","Mississippi County","$109,000","880","0.77%"
"Missouri","Moniteau County","$181,900","1245","0.61%"
"Missouri","Monroe County","$149,300","1192","0.74%"
"Missouri","Montgomery County","$178,700","1351","0.58%"
"Missouri","Morgan County","$194,400","1082","0.48%"
"Missouri","New Madrid County","$111,800","814","0.67%"
"Missouri","Newton County","$190,700","1207","0.62%"
"Missouri","Nodaway County","$177,500","1368","0.78%"
"Missouri","Oregon County","$113,300","627","0.49%"
"Missouri","Osage County","$223,300","1307","0.51%"
"Missouri","Ozark County","$168,600","737","0.43%"
"Missouri","Pemiscot County","$97,000","925","0.79%"
"Missouri","Perry County","$188,200","1395","0.57%"
"Missouri","Pettis County","$166,300","1289","0.65%"
"Missouri","Phelps County","$206,500","1312","0.63%"
"Missouri","Pike County","$146,000","979","0.61%"
"Missouri","Platte County","$345,100","3613","1.04%"
"Missouri","Polk County","$205,800","1137","0.52%"
"Missouri","Pulaski County","$189,800","1159","0.60%"
"Missouri","Putnam County","$119,500","1211","0.86%"
"Missouri","Ralls County","$168,200","1229","0.64%"
"Missouri","Randolph County","$159,300","1235","0.81%"
"Missouri","Ray County","$198,800","1594","0.72%"
"Missouri","Reynolds County","$151,700","560","0.42%"
"Missouri","Ripley County","$119,600","550","0.48%"
"Missouri","St. Charles County","$320,800","3480","1.06%"
"Missouri","St. Clair County","$157,100","966","0.51%"
"Missouri","Ste. Genevieve County","$222,200","1395","0.66%"
"Missouri","St. Francois County","$169,300","1188","0.63%"
"Missouri","St. Louis County","$276,800","3335","1.14%"
"Missouri","Saline County","$150,500","1177","0.66%"
"Missouri","Schuyler County","$137,500","1083","0.72%"
"Missouri","Scotland County","$158,800","1248","0.65%"
"Missouri","Scott County","$154,400","957","0.58%"
"Missouri","Shannon County","$157,500","676","0.36%"
"Missouri","Shelby County","$99,900","860","0.81%"
"Missouri","Stoddard County","$143,300","939","0.67%"
"Missouri","Stone County","$249,000","1168","0.44%"
"Missouri","Sullivan County","$115,600","795","0.56%"
"Missouri","Taney County","$218,800","1196","0.54%"
"Missouri","Texas County","$146,700","713","0.44%"
"Missouri","Vernon County","$158,800","1067","0.64%"
"Missouri","Warren County","$260,400","1809","0.59%"
"Missouri","Washington County","$129,400","719","0.52%"
"Missouri","Wayne County","$107,400","563","0.54%"
"Missouri","Webster County","$228,800","1196","0.49%"
"Missouri","Worth County","$96,600","789","0.88%"
"Missouri","Wright County","$160,100","640","0.34%"
"Missouri","St. Louis city","$197,500","2033","1.03%"
"Montana","Beaverhead County","$308,300","2069","0.51%"
"Montana","Big Horn County","$143,400","1574","0.56%"
"Montana","Blaine County","$155,500","2080","0.68%"
"Montana","Broadwater County","$426,600","2384","0.50%"
"Montana","Carbon County","$420,800","2281","0.42%"
"Montana","Carter County","$199,200","904","0.20%"
"Montana","Cascade County","$265,300","2320","0.77%"
"Montana","Chouteau County","$207,800","1566","0.64%"
"Montana","Custer County","$219,100","2264","0.80%"
"Montana","Daniels County","$184,800","1610","1.04%"
"Montana","Dawson County","$185,300","2110","1.00%"
"Montana","Deer Lodge County","$231,700","1803","0.66%"
"Montana","Fallon County","$244,800","1220","0.43%"
"Montana","Fergus County","$236,100","1769","0.77%"
"Montana","Flathead County","$535,500","3120","0.54%"
"Montana","Gallatin County","$667,600","3933","0.55%"
"Montana","Garfield County","$169,900","1052","0.56%"
"Montana","Glacier County","$165,100","1391","0.49%"
"Montana","Golden Valley County","$212,200","1132","0.36%"
"Montana","Granite County","$352,700","2130","0.42%"
"Montana","Hill County","$202,600","1980","0.90%"
"Montana","Jefferson County","$446,900","2446","0.51%"
"Montana","Judith Basin County","$238,300","1066","0.50%"
"Montana","Lake County","$421,800","2561","0.48%"
"Montana","Lewis and Clark County","$393,500","3113","0.73%"
"Montana","Liberty County","$169,100","1570","1.26%"
"Montana","Lincoln County","$296,500","1615","0.50%"
"Montana","McCone County","$211,600","1429","0.74%"
"Montana","Madison County","$470,100","1937","0.34%"
"Montana","Meagher County","$259,800","1725","0.42%"
"Montana","Mineral County","$364,300","1758","0.50%"
"Montana","Missoula County","$472,100","4150","0.78%"
"Montana","Musselshell County","$235,000","1287","0.51%"
"Montana","Park County","$467,500","2641","0.38%"
"Montana","Petroleum County","$201,400","1211","0.57%"
"Montana","Phillips County","$197,600","1551","0.54%"
"Montana","Pondera County","$206,100","1651","0.73%"
"Montana","Powder River County","$192,100","1304","0.32%"
"Montana","Powell County","$306,500","2104","0.53%"
"Montana","Prairie County","$165,700","1391","0.49%"
"Montana","Ravalli County","$476,600","2380","0.41%"
"Montana","Richland County","$263,000","1934","0.72%"
"Montana","Roosevelt County","$118,800","1522","0.67%"
"Montana","Rosebud County","$182,400","1285","0.51%"
"Montana","Sanders County","$359,000","1889","0.46%"
"Montana","Sheridan County","$124,000","1521","1.01%"
"Montana","Silver Bow County","$255,200","2500","0.84%"
"Montana","Stillwater County","$405,800","2319","0.55%"
"Montana","Sweet Grass County","$330,100","1615","0.36%"
"Montana","Teton County","$264,000","1987","0.72%"
"Montana","Toole County","$218,400","1908","0.66%"
"Montana","Treasure County","$230,300","1364","0.48%"
"Montana","Valley County","$198,400","2333","0.92%"
"Montana","Wheatland County","$180,800","1013","0.48%"
"Montana","Wibaux County","$98,600","598","0.59%"
"Montana","Yellowstone County","$349,500","2832","0.74%"
"Nebraska","Adams County","$193,100","2793","1.37%"
"Nebraska","Antelope County","$130,300","1608","1.10%"
"Nebraska","Arthur County","$185,900","1733","1.17%"
"Nebraska","Banner County","$205,700","2592","1.11%"
"Nebraska","Blaine County","$116,900","1333","0.94%"
"Nebraska","Boone County","$173,700","1781","1.03%"
"Nebraska","Box Butte County","$166,600","2516","1.37%"
"Nebraska","Boyd County","$104,000","1142","1.16%"
"Nebraska","Brown County","$113,900","1250","0.96%"
"Nebraska","Buffalo County","$246,400","3555","1.38%"
"Nebraska","Burt County","$147,000","1937","1.13%"
"Nebraska","Butler County","$184,200","2044","1.12%"
"Nebraska","Cass County","$254,900","3652","1.29%"
"Nebraska","Cedar County","$185,000","1848","1.03%"
"Nebraska","Chase County","$165,900","2131","1.02%"
"Nebraska","Cherry County","$152,200","1505","0.95%"
"Nebraska","Cheyenne County","$139,700","2301","1.54%"
"Nebraska","Clay County","$155,600","1870","1.18%"
"Nebraska","Colfax County","$144,700","1710","1.13%"
"Nebraska","Cuming County","$178,800","1784","1.13%"
"Nebraska","Custer County","$157,800","1838","1.03%"
"Nebraska","Dakota County","$185,700","2854","1.25%"
"Nebraska","Dawes County","$150,900","2183","1.21%"
"Nebraska","Dawson County","$166,200","2172","1.13%"
"Nebraska","Deuel County","$100,200","1431","1.33%"
"Nebraska","Dixon County","$155,900","1874","1.07%"
"Nebraska","Dodge County","$208,600","2643","1.32%"
"Nebraska","Douglas County","$266,100","4507","1.62%"
"Nebraska","Dundy County","$143,400","1146","0.90%"
"Nebraska","Fillmore County","$151,000","1491","1.20%"
"Nebraska","Franklin County","$95,600","1221","0.82%"
"Nebraska","Frontier County","$149,800","2101","1.41%"
"Nebraska","Furnas County","$98,400","1353","1.13%"
"Nebraska","Gage County","$174,000","2447","1.26%"
"Nebraska","Garden County","$110,400","1113","0.87%"
"Nebraska","Garfield County","$176,600","2383","1.11%"
"Nebraska","Gosper County","$228,500","2403","0.89%"
"Nebraska","Grant County","$136,700","929","0.74%"
"Nebraska","Greeley County","$120,000","1544","1.10%"
"Nebraska","Hall County","$224,600","3120","1.27%"
"Nebraska","Hamilton County","$253,700","2407","0.96%"
"Nebraska","Harlan County","$145,800","1876","1.04%"
"Nebraska","Hayes County","$128,100","1294","1.92%"
"Nebraska","Hitchcock County","$96,700","1130","1.11%"
"Nebraska","Holt County","$165,100","1828","1.06%"
"Nebraska","Hooker County","$93,800","979","0.90%"
"Nebraska","Howard County","$209,100","2429","1.06%"
"Nebraska","Jefferson County","$129,500","1886","1.32%"
"Nebraska","Johnson County","$155,500","2052","0.78%"
"Nebraska","Kearney County","$223,400","2740","0.97%"
"Nebraska","Keith County","$168,000","2369","1.19%"
"Nebraska","Keya Paha County","$108,800","1404","1.14%"
"Nebraska","Kimball County","$109,400","1828","1.28%"
"Nebraska","Knox County","$127,700","1472","1.07%"
"Nebraska","Lancaster County","$275,200","4204","1.43%"
"Nebraska","Lincoln County","$189,500","2788","1.42%"
"Nebraska","Logan County","$175,000","1712","0.45%"
"Nebraska","Loup County","$182,300","1295","0.84%"
"Nebraska","McPherson County","$121,600","1350","0.77%"
"Nebraska","Madison County","$208,500","2854","1.32%"
"Nebraska","Merrick County","$175,900","2280","1.02%"
"Nebraska","Morrill County","$116,100","1644","1.08%"
"Nebraska","Nance County","$132,000","1451","1.19%"
"Nebraska","Nemaha County","$131,700","1898","1.27%"
"Nebraska","Nuckolls County","$96,500","1133","0.83%"
"Nebraska","Otoe County","$201,600","2691","1.29%"
"Nebraska","Pawnee County","$79,400","1206","1.29%"
"Nebraska","Perkins County","$157,200","1574","0.95%"
"Nebraska","Phelps County","$194,900","2573","1.26%"
"Nebraska","Pierce County","$196,000","2234","1.22%"
"Nebraska","Platte County","$223,900","2885","1.26%"
"Nebraska","Polk County","$189,900","1888","0.93%"
"Nebraska","Red Willow County","$159,600","1879","1.16%"
"Nebraska","Richardson County","$100,300","1432","1.09%"
"Nebraska","Rock County","$117,500","1262","0.54%"
"Nebraska","Saline County","$197,400","2663","1.22%"
"Nebraska","Sarpy County","$314,100","5473","1.72%"
"Nebraska","Saunders County","$271,700","3531","1.21%"
"Nebraska","Scotts Bluff County","$168,500","2495","1.39%"
"Nebraska","Seward County","$241,300","2850","1.18%"
"Nebraska","Sheridan County","$113,400","1556","1.14%"
"Nebraska","Sherman County","$152,000","1764","1.18%"
"Nebraska","Sioux County","$99,300","1614","0.78%"
"Nebraska","Stanton County","$195,400","2471","1.19%"
"Nebraska","Thayer County","$122,800","1259","0.95%"
"Nebraska","Thomas County","$109,200","1364","0.79%"
"Nebraska","Thurston County","$114,600","1682","1.12%"
"Nebraska","Valley County","$154,600","2041","1.05%"
"Nebraska","Washington County","$297,600","4142","1.37%"
"Nebraska","Wayne County","$221,600","2486","1.20%"
"Nebraska","Webster County","$117,600","1707","1.32%"
"Nebraska","Wheeler County","$146,500","1164","0.98%"
"Nebraska","York County","$189,400","2263","1.10%"
"Nevada","Churchill County","$329,900","1758","0.52%"
"Nevada","Clark County","$431,000","2057","0.52%"
"Nevada","Douglas County","$615,400","2750","0.45%"
"Nevada","Elko County","$301,400","1492","0.56%"
"Nevada","Esmeralda County","$108,900","669","0.52%"
"Nevada","Eureka County","$82,600","511","0.34%"
"Nevada","Humboldt County","$278,300","1372","0.56%"
"Nevada","Lander County","$213,800","1366","0.73%"
"Nevada","Lincoln County","$219,500","1126","0.54%"
"Nevada","Lyon County","$366,100","1668","0.50%"
"Nevada","Mineral County","$156,200","1157","0.73%"
"Nevada","Nye County","$290,900","1316","0.51%"
"Nevada","Pershing County","$179,500","1109","0.68%"
"Nevada","Storey County","$426,400","1450","0.42%"
"Nevada","Washoe County","$539,900","2385","0.46%"
"Nevada","White Pine County","$220,000","1111","0.55%"
"Nevada","Carson City","$453,000","1870","0.46%"
"New Hampshire","Belknap County","$374,900","4924","1.21%"
"New Hampshire","Carroll County","$388,900","3848","0.87%"
"New Hampshire","Cheshire County","$280,100","6048","1.87%"
"New Hampshire","Coos County","$188,900","3579","1.64%"
"New Hampshire","Grafton County","$344,500","5925","1.52%"
"New Hampshire","Hillsborough County","$421,100","6999","1.62%"
"New Hampshire","Merrimack County","$367,600","6783","1.80%"
"New Hampshire","Rockingham County","$497,500","7839","1.34%"
"New Hampshire","Strafford County","$362,800","6708","1.76%"
"New Hampshire","Sullivan County","$268,700","5756","1.77%"
"New Jersey","Atlantic County","$295,000","6776","1.86%"
"New Jersey","Bergen County","$623,000","10,000+","1.89%"
"New Jersey","Burlington County","$354,000","7983","2.07%"
"New Jersey","Camden County","$287,100","8134","2.47%"
"New Jersey","Cape May County","$434,600","5306","0.93%"
"New Jersey","Cumberland County","$221,400","5052","2.02%"
"New Jersey","Essex County","$524,100","10,000+","2.10%"
"New Jersey","Gloucester County","$310,400","8055","2.40%"
"New Jersey","Hudson County","$539,700","9555","1.56%"
"New Jersey","Hunterdon County","$517,200","10,000+","2.04%"
"New Jersey","Mercer County","$377,700","8909","2.15%"
"New Jersey","Middlesex County","$462,900","9712","1.99%"
"New Jersey","Monmouth County","$606,100","10,000+","1.53%"
"New Jersey","Morris County","$582,500","10,000+","1.84%"
"New Jersey","Ocean County","$398,400","6562","1.42%"
"New Jersey","Passaic County","$459,500","10,000+","2.26%"
"New Jersey","Salem County","$239,500","7018","2.19%"
"New Jersey","Somerset County","$552,100","10,000+","1.84%"
"New Jersey","Sussex County","$369,400","8568","2.20%"
"New Jersey","Union County","$529,200","10,000+","2.03%"
"New Jersey","Warren County","$346,500","8119","2.26%"
"New Mexico","Bernalillo County","$292,900","2629","0.85%"
"New Mexico","Catron County","$167,000","608","0.27%"
"New Mexico","Chaves County","$156,400","935","0.61%"
"New Mexico","Cibola County","$125,400","1003","0.47%"
"New Mexico","Colfax County","$167,200","867","0.51%"
"New Mexico","Curry County","$171,200","1017","0.64%"
"New Mexico","De Baca County","$187,500","1118","0.55%"
"New Mexico","Doña Ana County","$220,800","1480","0.64%"
"New Mexico","Eddy County","$212,600","1095","0.45%"
"New Mexico","Grant County","$175,600","808","0.38%"
"New Mexico","Guadalupe County","$110,000","526","0.55%"
"New Mexico","Harding County","$70,000","305","0.27%"
"New Mexico","Hidalgo County","$111,000","531","0.48%"
"New Mexico","Lea County","$184,000","879","0.52%"
"New Mexico","Lincoln County","$233,200","1246","0.54%"
"New Mexico","Los Alamos County","$495,800","2717","0.56%"
"New Mexico","Luna County","$128,000","687","0.55%"
"New Mexico","McKinley County","$78,700","1574","0.35%"
"New Mexico","Mora County","$122,600","885","0.50%"
"New Mexico","Otero County","$162,700","902","0.56%"
"New Mexico","Quay County","$87,200","532","0.54%"
"New Mexico","Rio Arriba County","$243,700","1021","0.22%"
"New Mexico","Roosevelt County","$135,800","616","0.60%"
"New Mexico","Sandoval County","$313,800","2296","0.66%"
"New Mexico","San Juan County","$193,800","1317","0.52%"
"New Mexico","San Miguel County","$188,500","1081","0.47%"
"New Mexico","Santa Fe County","$446,300","2152","0.45%"
"New Mexico","Sierra County","$152,600","789","0.57%"
"New Mexico","Socorro County","$137,500","838","0.58%"
"New Mexico","Taos County","$382,800","1129","0.34%"
"New Mexico","Torrance County","$159,700","719","0.45%"
"New Mexico","Union County","$122,700","859","0.30%"
"New Mexico","Valencia County","$223,000","1374","0.57%"
"New York","Albany County","$294,600","5200","1.70%"
"New York","Allegany County","$101,700","2968","2.37%"
"New York","Bronx County","$529,500","5447","0.78%"
"New York","Broome County","$154,900","3902","2.21%"
"New York","Cattaraugus County","$113,100","2991","1.92%"
"New York","Cayuga County","$171,000","3740","1.82%"
"New York","Chautauqua County","$127,900","2901","1.99%"
"New York","Chemung County","$141,100","3451","2.00%"
"New York","Chenango County","$137,900","3120","2.05%"
"New York","Clinton County","$180,600","3606","1.79%"
"New York","Columbia County","$347,100","4852","1.21%"
"New York","Cortland County","$162,100","4149","2.20%"
"New York","Delaware County","$183,100","3145","1.39%"
"New York","Dutchess County","$400,600","7562","1.72%"
"New York","Erie County","$233,800","4622","1.72%"
"New York","Essex County","$211,900","3119","1.35%"
"New York","Franklin County","$145,400","2440","1.45%"
"New York","Fulton County","$163,100","3364","1.62%"
"New York","Genesee County","$170,500","4113","1.98%"
"New York","Greene County","$271,600","4056","1.39%"
"New York","Hamilton County","$260,200","2597","0.93%"
"New York","Herkimer County","$147,700","3107","1.66%"
"New York","Jefferson County","$188,200","2899","1.32%"
"New York","Kings County","$905,000","6382","0.56%"
"New York","Lewis County","$166,100","2688","1.39%"
"New York","Livingston County","$174,600","4286","1.94%"
"New York","Madison County","$184,600","4181","1.98%"
"New York","Monroe County","$213,700","5616","2.41%"
"New York","Montgomery County","$157,500","3872","2.15%"
"New York","Nassau County","$684,700","10,000+","1.72%"
"New York","New York County","$1,090,500","10,000+","0.71%"
"New York","Niagara County","$189,800","4155","1.73%"
"New York","Oneida County","$182,600","3690","1.73%"
"New York","Onondaga County","$200,200","4880","2.22%"
"New York","Ontario County","$222,900","4565","1.89%"
"New York","Orange County","$387,900","8494","2.02%"
"New York","Orleans County","$140,800","3823","2.23%"
"New York","Oswego County","$151,700","3646","1.95%"
"New York","Otsego County","$179,100","3041","1.54%"
"New York","Putnam County","$471,300","10,000+","2.12%"
"New York","Queens County","$723,800","6297","0.75%"
"New York","Rensselaer County","$258,400","5301","1.93%"
"New York","Richmond County","$675,500","6247","0.88%"
"New York","Rockland County","$596,900","10,000+","2.06%"
"New York","St. Lawrence County","$121,900","2844","1.93%"
"New York","Saratoga County","$348,600","4875","1.27%"
"New York","Schenectady County","$235,700","5568","2.12%"
"New York","Schoharie County","$192,500","3914","1.88%"
"New York","Schuyler County","$171,800","3390","1.68%"
"New York","Seneca County","$155,400","3403","1.89%"
"New York","Steuben County","$137,900","3386","2.12%"
"New York","Suffolk County","$578,400","10,000+","1.62%"
"New York","Sullivan County","$249,000","4969","1.81%"
"New York","Tioga County","$160,800","3751","2.06%"
"New York","Tompkins County","$290,900","6515","2.11%"
"New York","Ulster County","$352,500","6238","1.62%"
"New York","Warren County","$267,400","3936","1.28%"
"New York","Washington County","$196,200","3946","1.73%"
"New York","Wayne County","$170,000","4250","2.20%"
"New York","Westchester County","$663,200","10,000+","1.84%"
"New York","Wyoming County","$162,300","3650","1.89%"
"New York","Yates County","$184,700","3477","1.42%"
"North Carolina","Alamance County","$241,500","1494","0.66%"
"North Carolina","Alexander County","$211,800","1269","0.59%"
"North Carolina","Alleghany County","$214,800","1217","0.57%"
"North Carolina","Anson County","$148,600","1141","0.68%"
"North Carolina","Ashe County","$243,100","1190","0.46%"
"North Carolina","Avery County","$265,800","1010","0.37%"
"North Carolina","Beaufort County","$192,700","1300","0.58%"
"North Carolina","Bertie County","$98,500","778","0.62%"
"North Carolina","Bladen County","$135,100","1227","0.74%"
"North Carolina","Brunswick County","$349,800","1890","0.52%"
"North Carolina","Buncombe County","$391,800","2222","0.57%"
"North Carolina","Burke County","$185,400","1253","0.61%"
"North Carolina","Cabarrus County","$354,800","2586","0.74%"
"North Carolina","Caldwell County","$192,200","1150","0.61%"
"North Carolina","Camden County","$337,100","1952","0.51%"
"North Carolina","Carteret County","$333,300","1423","0.44%"
"North Carolina","Caswell County","$164,500","1140","0.67%"
"North Carolina","Catawba County","$241,600","1407","0.59%"
"North Carolina","Chatham County","$446,200","2847","0.62%"
"North Carolina","Cherokee County","$232,300","1064","0.45%"
"North Carolina","Chowan County","$235,800","1677","0.63%"
"North Carolina","Clay County","$278,400","1186","0.46%"
"North Carolina","Cleveland County","$200,000","1286","0.64%"
"North Carolina","Columbus County","$146,000","1120","0.73%"
"North Carolina","Craven County","$231,600","1450","0.65%"
"North Carolina","Cumberland County","$199,200","1850","0.87%"
"North Carolina","Currituck County","$378,800","1760","0.47%"
"North Carolina","Dare County","$460,400","2391","0.51%"
"North Carolina","Davidson County","$219,100","1320","0.55%"
"North Carolina","Davie County","$253,900","1595","0.61%"
"North Carolina","Duplin County","$137,400","950","0.68%"
"North Carolina","Durham County","$389,400","3092","0.81%"
"North Carolina","Edgecombe County","$125,100","1306","0.88%"
"North Carolina","Forsyth County","$250,400","1984","0.80%"
"North Carolina","Franklin County","$284,300","1834","0.70%"
"North Carolina","Gaston County","$266,000","1982","0.77%"
"North Carolina","Gates County","$170,800","1296","0.58%"
"North Carolina","Graham County","$170,600","979","0.49%"
"North Carolina","Granville County","$247,700","1664","0.61%"
"North Carolina","Greene County","$117,400","1041","0.78%"
"North Carolina","Guilford County","$259,900","2174","0.83%"
"North Carolina","Halifax County","$106,200","1216","0.90%"
"North Carolina","Harnett County","$246,200","1689","0.68%"
"North Carolina","Haywood County","$279,200","1583","0.53%"
"North Carolina","Henderson County","$351,400","1810","0.49%"
"North Carolina","Hertford County","$119,200","1168","0.86%"
"North Carolina","Hoke County","$219,300","1465","0.57%"
"North Carolina","Hyde County","$124,000","975","0.62%"
"North Carolina","Iredell County","$321,400","1952","0.58%"
"North Carolina","Jackson County","$284,700","976","0.31%"
"North Carolina","Johnston County","$305,600","1908","0.64%"
"North Carolina","Jones County","$130,300","964","0.69%"
"North Carolina","Lee County","$240,200","1785","0.76%"
"North Carolina","Lenoir County","$120,500","1015","0.74%"
"North Carolina","Lincoln County","$321,000","1856","0.61%"
"North Carolina","McDowell County","$171,100","911","0.49%"
"North Carolina","Macon County","$251,900","1074","0.39%"
"North Carolina","Madison County","$284,600","1362","0.48%"
"North Carolina","Martin County","$109,700","1168","0.94%"
"North Carolina","Mecklenburg County","$406,800","2890","0.69%"
"North Carolina","Mitchell County","$220,100","1141","0.54%"
"North Carolina","Montgomery County","$161,700","1037","0.58%"
"North Carolina","Moore County","$351,400","1849","0.57%"
"North Carolina","Nash County","$191,000","1362","0.66%"
"North Carolina","New Hanover County","$387,800","2105","0.55%"
"North Carolina","Northampton County","$114,500","1239","0.78%"
"North Carolina","Onslow County","$236,400","1502","0.64%"
"North Carolina","Orange County","$459,500","4162","0.96%"
"North Carolina","Pamlico County","$216,800","1218","0.59%"
"North Carolina","Pasquotank County","$234,600","1573","0.64%"
"North Carolina","Pender County","$299,000","1883","0.55%"
"North Carolina","Perquimans County","$231,700","1375","0.59%"
"North Carolina","Person County","$213,900","1328","0.68%"
"North Carolina","Pitt County","$208,900","1734","0.81%"
"North Carolina","Polk County","$315,000","1697","0.50%"
"North Carolina","Randolph County","$197,100","1324","0.67%"
"North Carolina","Richmond County","$127,800","1138","0.78%"
"North Carolina","Robeson County","$94,500","820","0.80%"
"North Carolina","Rockingham County","$168,600","1258","0.75%"
"North Carolina","Rowan County","$238,400","1554","0.67%"
"North Carolina","Rutherford County","$201,800","1178","0.62%"
"North Carolina","Sampson County","$150,700","1130","0.75%"
"North Carolina","Scotland County","$114,900","1068","0.67%"
"North Carolina","Stanly County","$242,400","1385","0.57%"
"North Carolina","Stokes County","$196,700","1179","0.59%"
"North Carolina","Surry County","$177,600","1071","0.59%"
"North Carolina","Swain County","$207,000","859","0.22%"
"North Carolina","Transylvania County","$373,600","1674","0.46%"
"North Carolina","Tyrrell County","$164,500","1331","0.63%"
"North Carolina","Union County","$417,300","2396","0.57%"
"North Carolina","Vance County","$161,500","1256","0.65%"
"North Carolina","Wake County","$461,300","3260","0.69%"
"North Carolina","Warren County","$154,200","1093","0.66%"
"North Carolina","Washington County","$125,900","1252","0.93%"
"North Carolina","Watauga County","$358,900","1386","0.42%"
"North Carolina","Wayne County","$178,700","1249","0.73%"
"North Carolina","Wilkes County","$168,800","1002","0.57%"
"North Carolina","Wilson County","$186,000","1471","0.80%"
"North Carolina","Yadkin County","$181,200","1220","0.59%"
"North Carolina","Yancey County","$243,100","1157","0.45%"
"North Dakota","Adams County","$113,200","1130","0.64%"
"North Dakota","Barnes County","$173,700","1796","0.86%"
"North Dakota","Benson County","$90,000","817","0.56%"
"North Dakota","Billings County","$331,000","1211","0.47%"
"North Dakota","Bottineau County","$193,200","1393","0.59%"
"North Dakota","Bowman County","$164,900","1199","0.61%"
"North Dakota","Burke County","$158,100","846","0.44%"
"North Dakota","Burleigh County","$324,000","2863","0.85%"
"North Dakota","Cass County","$298,000","3564","1.11%"
"North Dakota","Cavalier County","$125,800","1686","1.07%"
"North Dakota","Dickey County","$162,400","1488","0.90%"
"North Dakota","Divide County","$167,600","1006","0.75%"
"North Dakota","Dunn County","$275,000","1665","0.43%"
"North Dakota","Eddy County","$124,000","1237","0.67%"
"North Dakota","Emmons County","$117,200","1063","0.72%"
"North Dakota","Foster County","$167,500","1991","0.72%"
"North Dakota","Golden Valley County","$123,900","1104","0.64%"
"North Dakota","Grand Forks County","$252,700","2900","1.10%"
"North Dakota","Grant County","$93,200","845","0.60%"
"North Dakota","Griggs County","$119,300","1084","0.44%"
"North Dakota","Hettinger County","$117,300","1308","0.79%"
"North Dakota","Kidder County","$156,600","903","0.57%"
"North Dakota","LaMoure County","$117,200","1187","0.71%"
"North Dakota","Logan County","$102,000","1018","0.78%"
"North Dakota","McHenry County","$151,000","994","0.71%"
"North Dakota","McIntosh County","$84,200","913","0.87%"
"North Dakota","McKenzie County","$349,600","1491","0.43%"
"North Dakota","McLean County","$227,100","1724","0.71%"
"North Dakota","Mercer County","$198,500","2184","0.86%"
"North Dakota","Morton County","$263,900","2686","1.00%"
"North Dakota","Mountrail County","$232,700","1209","0.41%"
"North Dakota","Nelson County","$139,700","1044","0.61%"
"North Dakota","Oliver County","$215,700","1343","0.50%"
"North Dakota","Pembina County","$119,200","1205","0.82%"
"North Dakota","Pierce County","$147,300","1604","0.95%"
"North Dakota","Ramsey County","$199,300","1976","0.89%"
"North Dakota","Ransom County","$193,000","1959","0.91%"
"North Dakota","Renville County","$166,000","1128","0.66%"
"North Dakota","Richland County","$183,600","2066","1.01%"
"North Dakota","Rolette County","$103,800","977","0.33%"
"North Dakota","Sargent County","$163,200","1828","1.10%"
"North Dakota","Sheridan County","$110,300","774","0.57%"
"North Dakota","Sioux County","$85,400","420","0.26%"
"North Dakota","Slope County","$170,000","387","0.40%"
"North Dakota","Stark County","$271,700","2411","0.82%"
"North Dakota","Steele County","$130,700","1322","0.86%"
"North Dakota","Stutsman County","$208,400","2289","1.02%"
"North Dakota","Towner County","$134,800","1182","0.71%"
"North Dakota","Traill County","$200,700","2075","0.91%"
"North Dakota","Walsh County","$132,700","1421","0.92%"
"North Dakota","Ward County","$267,100","2859","1.04%"
"North Dakota","Wells County","$114,500","1119","0.85%"
"North Dakota","Williams County","$284,800","1939","0.68%"
"Ohio","Adams County","$164,200","1356","0.83%"
"Ohio","Allen County","$165,300","1847","1.06%"
"Ohio","Ashland County","$186,800","1858","0.86%"
"Ohio","Ashtabula County","$159,500","1928","1.12%"
"Ohio","Athens County","$185,000","2167","1.16%"
"Ohio","Auglaize County","$189,800","1828","0.94%"
"Ohio","Belmont County","$154,900","1469","1.01%"
"Ohio","Brown County","$196,200","1600","0.82%"
"Ohio","Butler County","$258,500","3141","1.16%"
"Ohio","Carroll County","$183,100","1725","0.79%"
"Ohio","Champaign County","$204,000","2084","1.07%"
"Ohio","Clark County","$169,900","2019","1.15%"
"Ohio","Clermont County","$266,200","3333","1.26%"
"Ohio","Clinton County","$211,900","1962","0.92%"
"Ohio","Columbiana County","$151,600","1527","0.97%"
"Ohio","Coshocton County","$155,500","1473","0.89%"
"Ohio","Crawford County","$136,700","1622","1.11%"
"Ohio","Cuyahoga County","$195,400","3910","1.89%"
"Ohio","Darke County","$173,200","1584","0.86%"
"Ohio","Defiance County","$163,200","1750","1.09%"
"Ohio","Delaware County","$445,500","7132","1.60%"
"Ohio","Erie County","$199,700","2428","1.16%"
"Ohio","Fairfield County","$298,800","3289","1.15%"
"Ohio","Fayette County","$170,700","1601","0.94%"
"Ohio","Franklin County","$288,400","4244","1.53%"
"Ohio","Fulton County","$191,000","2444","1.23%"
"Ohio","Gallia County","$155,600","1418","0.93%"
"Ohio","Geauga County","$331,100","4564","1.42%"
"Ohio","Greene County","$252,200","4071","1.59%"
"Ohio","Guernsey County","$157,700","1593","0.87%"
"Ohio","Hamilton County","$241,900","3652","1.51%"
"Ohio","Hancock County","$204,700","2046","0.96%"
"Ohio","Hardin County","$151,200","1590","1.04%"
"Ohio","Harrison County","$121,500","1279","0.92%"
"Ohio","Henry County","$168,600","1970","1.11%"
"Ohio","Highland County","$168,900","1533","0.78%"
"Ohio","Hocking County","$186,400","1852","0.79%"
"Ohio","Holmes County","$267,700","2888","0.89%"
"Ohio","Huron County","$166,000","1751","0.92%"
"Ohio","Jackson County","$150,700","1363","0.90%"
"Ohio","Jefferson County","$127,800","1257","0.93%"
"Ohio","Knox County","$239,400","2564","1.00%"
"Ohio","Lake County","$214,100","3475","1.50%"
"Ohio","Lawrence County","$144,000","1215","0.87%"
"Ohio","Licking County","$275,200","3364","1.17%"
"Ohio","Logan County","$203,200","2042","0.99%"
"Ohio","Lorain County","$223,200","3055","1.37%"
"Ohio","Lucas County","$163,900","2773","1.66%"
"Ohio","Madison County","$250,100","2541","0.98%"
"Ohio","Mahoning County","$154,700","2015","1.30%"
"Ohio","Marion County","$156,800","1489","0.96%"
"Ohio","Medina County","$287,000","3560","1.18%"
"Ohio","Meigs County","$119,300","1238","0.86%"
"Ohio","Mercer County","$210,600","2325","0.98%"
"Ohio","Miami County","$229,100","2254","1.03%"
"Ohio","Monroe County","$142,700","1176","0.80%"
"Ohio","Montgomery County","$180,900","3127","1.73%"
"Ohio","Morgan County","$150,900","1268","0.81%"
"Ohio","Morrow County","$222,300","2359","1.09%"
"Ohio","Muskingum County","$182,200","1649","0.88%"
"Ohio","Noble County","$163,600","1180","0.64%"
"Ohio","Ottawa County","$219,900","2378","1.01%"
"Ohio","Paulding County","$140,800","1450","0.90%"
"Ohio","Perry County","$191,100","1813","0.87%"
"Ohio","Pickaway County","$256,800","2566","0.92%"
"Ohio","Pike County","$163,800","1355","0.79%"
"Ohio","Portage County","$227,000","2877","1.22%"
"Ohio","Preble County","$180,900","1883","0.98%"
"Ohio","Putnam County","$201,100","1943","0.92%"
"Ohio","Richland County","$164,800","2061","1.19%"
"Ohio","Ross County","$171,500","1708","0.97%"
"Ohio","Sandusky County","$160,700","1659","1.06%"
"Ohio","Scioto County","$137,900","1459","1.08%"
"Ohio","Seneca County","$154,700","1599","0.96%"
"Ohio","Shelby County","$208,100","1981","0.94%"
"Ohio","Stark County","$186,400","2402","1.24%"
"Ohio","Summit County","$208,700","3195","1.49%"
"Ohio","Trumbull County","$141,800","1856","1.32%"
"Ohio","Tuscarawas County","$185,400","1962","1.01%"
"Ohio","Union County","$344,900","3947","1.33%"
"Ohio","Van Wert County","$152,000","1387","0.92%"
"Ohio","Vinton County","$150,000","1469","0.64%"
"Ohio","Warren County","$349,400","4199","1.22%"
"Ohio","Washington County","$185,600","1732","0.90%"
"Ohio","Wayne County","$222,100","2602","1.07%"
"Ohio","Williams County","$150,000","1577","1.13%"
"Ohio","Wood County","$227,600","3059","1.36%"
"Ohio","Wyandot County","$163,400","1410","0.85%"
"Oklahoma","Adair County","$117,800","569","0.51%"
"Oklahoma","Alfalfa County","$101,500","592","0.56%"
"Oklahoma","Atoka County","$157,600","872","0.37%"
"Oklahoma","Beaver County","$130,100","1020","0.76%"
"Oklahoma","Beckham County","$143,500","1207","0.82%"
"Oklahoma","Blaine County","$126,900","730","0.61%"
"Oklahoma","Bryan County","$174,900","1118","0.58%"
"Oklahoma","Caddo County","$115,700","626","0.55%"
"Oklahoma","Canadian County","$246,200","2394","0.81%"
"Oklahoma","Carter County","$168,500","1244","0.66%"
"Oklahoma","Cherokee County","$168,500","911","0.49%"
"Oklahoma","Choctaw County","$126,500","520","0.39%"
"Oklahoma","Cimarron County","$98,600","395","0.51%"
"Oklahoma","Cleveland County","$235,700","2360","0.92%"
"Oklahoma","Coal County","$115,700","609","0.42%"
"Oklahoma","Comanche County","$163,800","1449","0.68%"
"Oklahoma","Cotton County","$113,900","840","0.77%"
"Oklahoma","Craig County","$150,500","823","0.42%"
"Oklahoma","Creek County","$182,100","1298","0.67%"
"Oklahoma","Custer County","$181,500","1248","0.76%"
"Oklahoma","Delaware County","$175,300","1051","0.51%"
"Oklahoma","Dewey County","$133,600","689","0.65%"
"Oklahoma","Ellis County","$119,100","877","0.59%"
"Oklahoma","Garfield County","$160,100","1389","0.87%"
"Oklahoma","Garvin County","$147,800","818","0.49%"
"Oklahoma","Grady County","$205,800","1400","0.70%"
"Oklahoma","Grant County","$105,700","513","0.57%"
"Oklahoma","Greer County","$109,100","545","0.46%"
"Oklahoma","Harmon County","$79,700","537","0.70%"
"Oklahoma","Harper County","$99,200","634","0.70%"
"Oklahoma","Haskell County","$138,800","598","0.41%"
"Oklahoma","Hughes County","$102,000","615","0.54%"
"Oklahoma","Jackson County","$158,400","941","0.64%"
"Oklahoma","Jefferson County","$82,500","517","0.56%"
"Oklahoma","Johnston County","$116,500","650","0.46%"
"Oklahoma","Kay County","$124,700","821","0.66%"
"Oklahoma","Kingfisher County","$215,800","1242","0.66%"
"Oklahoma","Kiowa County","$96,100","560","0.61%"
"Oklahoma","Latimer County","$107,900","567","0.49%"
"Oklahoma","Le Flore County","$135,700","845","0.59%"
"Oklahoma","Lincoln County","$166,500","935","0.38%"
"Oklahoma","Logan County","$246,700","1914","0.72%"
"Oklahoma","Love County","$171,000","1072","0.49%"
"Oklahoma","McClain County","$255,900","2023","0.77%"
"Oklahoma","McCurtain County","$144,500","528","0.35%"
"Oklahoma","McIntosh County","$146,200","832","0.58%"
"Oklahoma","Major County","$149,600","940","0.66%"
"Oklahoma","Marshall County","$164,500","903","0.71%"
"Oklahoma","Mayes County","$188,200","1222","0.60%"
"Oklahoma","Murray County","$159,800","665","0.43%"
"Oklahoma","Muskogee County","$153,200","1021","0.61%"
"Oklahoma","Noble County","$146,400","1172","0.55%"
"Oklahoma","Nowata County","$137,800","891","0.53%"
"Oklahoma","Okfuskee County","$115,900","560","0.45%"
"Oklahoma","Oklahoma County","$222,900","2155","0.92%"
"Oklahoma","Okmulgee County","$121,200","796","0.68%"
"Oklahoma","Osage County","$182,100","1248","0.69%"
"Oklahoma","Ottawa County","$123,300","763","0.60%"
"Oklahoma","Pawnee County","$131,500","876","0.59%"
"Oklahoma","Payne County","$223,300","1903","0.77%"
"Oklahoma","Pittsburg County","$156,900","788","0.52%"
"Oklahoma","Pontotoc County","$175,400","1135","0.60%"
"Oklahoma","Pottawatomie County","$165,400","1097","0.62%"
"Oklahoma","Pushmataha County","$132,300","518","0.34%"
"Oklahoma","Roger Mills County","$157,800","720","0.39%"
"Oklahoma","Rogers County","$240,500","1806","0.71%"
"Oklahoma","Seminole County","$99,500","613","0.57%"
"Oklahoma","Sequoyah County","$139,400","761","0.53%"
"Oklahoma","Stephens County","$145,300","990","0.68%"
"Oklahoma","Texas County","$163,500","1131","0.91%"
"Oklahoma","Tillman County","$79,800","500","0.66%"
"Oklahoma","Tulsa County","$230,400","2227","0.98%"
"Oklahoma","Wagoner County","$234,800","1858","0.70%"
"Oklahoma","Washington County","$173,200","1558","0.87%"
"Oklahoma","Washita County","$118,400","620","0.51%"
"Oklahoma","Woods County","$139,600","803","0.63%"
"Oklahoma","Woodward County","$169,000","973","0.60%"
"Oregon","Baker County","$285,600","2239","0.70%"
"Oregon","Benton County","$513,000","4884","0.93%"
"Oregon","Clackamas County","$611,000","5171","0.84%"
"Oregon","Clatsop County","$468,300","3236","0.66%"
"Oregon","Columbia County","$421,600","3137","0.72%"
"Oregon","Coos County","$337,800","2284","0.67%"
"Oregon","Crook County","$467,000","2972","0.62%"
"Oregon","Curry County","$381,300","1841","0.51%"
"Oregon","Deschutes County","$650,900","3807","0.59%"
"Oregon","Douglas County","$310,300","1895","0.61%"
"Oregon","Gilliam County","$189,300","1904","0.79%"
"Oregon","Grant County","$229,700","1674","0.41%"
"Oregon","Harney County","$242,100","1943","0.71%"
"Oregon","Hood River County","$660,000","3515","0.51%"
"Oregon","Jackson County","$430,200","3174","0.73%"
"Oregon","Jefferson County","$374,200","2591","0.62%"
"Oregon","Josephine County","$404,300","2086","0.50%"
"Oregon","Klamath County","$280,400","1752","0.63%"
"Oregon","Lake County","$219,500","1563","0.58%"
"Oregon","Lane County","$430,600","3536","0.78%"
"Oregon","Lincoln County","$410,800","3322","0.75%"
"Oregon","Linn County","$376,400","3261","0.73%"
"Oregon","Malheur County","$248,900","1860","0.56%"
"Oregon","Marion County","$416,400","3490","0.83%"
"Oregon","Morrow County","$240,400","1946","0.72%"
"Oregon","Multnomah County","$552,700","5301","1.02%"
"Oregon","Polk County","$454,700","3634","0.76%"
"Oregon","Sherman County","$211,800","1588","0.71%"
"Oregon","Tillamook County","$430,200","2582","0.62%"
"Oregon","Umatilla County","$282,600","2557","0.77%"
"Oregon","Union County","$294,600","2446","0.68%"
"Oregon","Wallowa County","$394,800","2270","0.49%"
"Oregon","Wasco County","$367,400","2828","0.77%"
"Oregon","Washington County","$588,000","4929","0.86%"
"Oregon","Wheeler County","$272,400","1893","0.68%"
"Oregon","Yamhill County","$471,700","3425","0.68%"
"Pennsylvania","Adams County","$268,500","3561","1.22%"
"Pennsylvania","Allegheny County","$227,600","3451","1.47%"
"Pennsylvania","Armstrong County","$157,300","2161","1.36%"
"Pennsylvania","Beaver County","$190,900","2704","1.33%"
"Pennsylvania","Bedford County","$179,000","1444","0.79%"
"Pennsylvania","Berks County","$257,300","4239","1.60%"
"Pennsylvania","Blair County","$161,100","1724","1.05%"
"Pennsylvania","Bradford County","$187,500","2044","1.04%"
"Pennsylvania","Bucks County","$445,700","5826","1.20%"
"Pennsylvania","Butler County","$294,200","2970","0.97%"
"Pennsylvania","Cambria County","$121,000","1492","1.19%"
"Pennsylvania","Cameron County","$88,900","1414","1.31%"
"Pennsylvania","Carbon County","$211,400","3088","1.44%"
"Pennsylvania","Centre County","$323,500","3386","1.04%"
"Pennsylvania","Chester County","$485,600","6308","1.22%"
"Pennsylvania","Clarion County","$155,700","1503","0.91%"
"Pennsylvania","Clearfield County","$137,000","1500","1.07%"
"Pennsylvania","Clinton County","$175,900","2046","1.08%"
"Pennsylvania","Columbia County","$206,200","2286","1.06%"
"Pennsylvania","Crawford County","$153,200","2064","1.24%"
"Pennsylvania","Cumberland County","$277,600","3254","1.11%"
"Pennsylvania","Dauphin County","$236,400","3198","1.28%"
"Pennsylvania","Delaware County","$332,200","6124","1.62%"
"Pennsylvania","Elk County","$133,600","1697","1.15%"
"Pennsylvania","Erie County","$177,000","2830","1.52%"
"Pennsylvania","Fayette County","$143,200","1607","1.08%"
"Pennsylvania","Forest County","$115,300","1145","0.83%"
"Pennsylvania","Franklin County","$249,800","2740","1.03%"
"Pennsylvania","Fulton County","$208,500","2120","0.90%"
"Pennsylvania","Greene County","$153,900","1960","1.11%"
"Pennsylvania","Huntingdon County","$183,200","1718","0.80%"
"Pennsylvania","Indiana County","$152,800","2297","1.33%"
"Pennsylvania","Jefferson County","$139,700","1402","0.85%"
"Pennsylvania","Juniata County","$217,000","2147","0.85%"
"Pennsylvania","Lackawanna County","$201,800","3012","1.40%"
"Pennsylvania","Lancaster County","$301,100","3975","1.20%"
"Pennsylvania","Lawrence County","$147,200","1967","1.25%"
"Pennsylvania","Lebanon County","$242,000","3310","1.23%"
"Pennsylvania","Lehigh County","$300,400","4651","1.42%"
"Pennsylvania","Luzerne County","$174,100","2530","1.35%"
"Pennsylvania","Lycoming County","$202,200","2649","1.24%"
"Pennsylvania","McKean County","$104,500","1660","1.13%"
"Pennsylvania","Mercer County","$164,000","1936","1.06%"
"Pennsylvania","Mifflin County","$156,700","2266","1.22%"
"Pennsylvania","Monroe County","$267,600","4447","1.62%"
"Pennsylvania","Montgomery County","$436,700","5875","1.29%"
"Pennsylvania","Montour County","$248,100","2507","0.92%"
"Pennsylvania","Northampton County","$308,600","4700","1.44%"
"Pennsylvania","Northumberland County","$162,400","1794","1.12%"
"Pennsylvania","Perry County","$236,400","2859","1.07%"
"Pennsylvania","Philadelphia County","$243,100","2003","0.85%"
"Pennsylvania","Pike County","$272,600","3542","1.24%"
"Pennsylvania","Potter County","$153,100","1857","0.98%"
"Pennsylvania","Schuylkill County","$153,000","2140","1.29%"
"Pennsylvania","Snyder County","$215,300","2388","1.02%"
"Pennsylvania","Somerset County","$150,600","1477","0.99%"
"Pennsylvania","Sullivan County","$197,100","2015","0.95%"
"Pennsylvania","Susquehanna County","$216,400","2365","0.91%"
"Pennsylvania","Tioga County","$181,100","2078","1.01%"
"Pennsylvania","Union County","$240,100","2744","1.18%"
"Pennsylvania","Venango County","$119,800","1520","1.22%"
"Pennsylvania","Warren County","$127,500","1687","1.12%"
"Pennsylvania","Washington County","$228,500","2485","1.10%"
"Pennsylvania","Wayne County","$242,100","3039","1.10%"
"Pennsylvania","Westmoreland County","$203,500","2501","1.20%"
"Pennsylvania","Wyoming County","$215,400","2817","1.24%"
"Pennsylvania","York County","$248,600","4006","1.54%"
"Rhode Island","Bristol County","$513,800","6648","1.14%"
"Rhode Island","Kent County","$366,100","4957","1.37%"
"Rhode Island","Newport County","$609,700","5414","0.86%"
"Rhode Island","Providence County","$373,600","4683","1.19%"
"Rhode Island","Washington County","$510,800","5102","0.91%"
"South Carolina","Abbeville County","$178,800","782","0.42%"
"South Carolina","Aiken County","$218,000","897","0.47%"
"South Carolina","Allendale County","$76,200","669","0.50%"
"South Carolina","Anderson County","$231,900","1043","0.50%"
"South Carolina","Bamberg County","$97,800","811","0.71%"
"South Carolina","Barnwell County","$106,000","775","0.60%"
"South Carolina","Beaufort County","$455,600","2174","0.50%"
"South Carolina","Berkeley County","$310,300","1400","0.49%"
"South Carolina","Calhoun County","$172,100","704","0.36%"
"South Carolina","Charleston County","$489,100","1901","0.40%"
"South Carolina","Cherokee County","$142,000","614","0.50%"
"South Carolina","Chester County","$158,300","890","0.50%"
"South Carolina","Chesterfield County","$116,200","487","0.41%"
"South Carolina","Clarendon County","$158,000","883","0.52%"
"South Carolina","Colleton County","$162,500","900","0.54%"
"South Carolina","Darlington County","$158,200","652","0.46%"
"South Carolina","Dillon County","$85,400","452","0.44%"
"South Carolina","Dorchester County","$329,300","1851","0.60%"
"South Carolina","Edgefield County","$202,700","875","0.47%"
"South Carolina","Fairfield County","$151,200","776","0.44%"
"South Carolina","Florence County","$177,900","756","0.47%"
"South Carolina","Georgetown County","$289,500","1190","0.41%"
"South Carolina","Greenville County","$299,000","1512","0.51%"
"South Carolina","Greenwood County","$180,500","964","0.54%"
"South Carolina","Hampton County","$112,000","897","0.63%"
"South Carolina","Horry County","$287,700","944","0.38%"
"South Carolina","Jasper County","$325,500","1852","0.55%"
"South Carolina","Kershaw County","$217,100","1013","0.51%"
"South Carolina","Lancaster County","$329,900","1657","0.54%"
"South Carolina","Laurens County","$170,600","698","0.43%"
"South Carolina","Lee County","$104,600","599","0.49%"
"South Carolina","Lexington County","$234,500","1151","0.48%"
"South Carolina","McCormick County","$168,700","948","0.52%"
"South Carolina","Marion County","$93,200","436","0.44%"
"South Carolina","Marlboro County","$82,000","496","0.51%"
"South Carolina","Newberry County","$173,300","1154","0.53%"
"South Carolina","Oconee County","$237,100","899","0.38%"
"South Carolina","Orangeburg County","$115,800","749","0.58%"
"South Carolina","Pickens County","$231,900","866","0.43%"
"South Carolina","Richland County","$242,800","1637","0.64%"
"South Carolina","Saluda County","$146,500","747","0.43%"
"South Carolina","Spartanburg County","$233,300","1274","0.58%"
"South Carolina","Sumter County","$165,300","881","0.54%"
"South Carolina","Union County","$103,600","579","0.43%"
"South Carolina","Williamsburg County","$104,500","687","0.62%"
"South Carolina","York County","$361,300","1740","0.53%"
"South Dakota","Aurora County","$151,900","1574","0.97%"
"South Dakota","Beadle County","$175,100","1900","1.01%"
"South Dakota","Bennett County","$156,400","1535","0.92%"
"South Dakota","Bon Homme County","$134,100","1707","1.10%"
"South Dakota","Brookings County","$264,600","2981","1.11%"
"South Dakota","Brown County","$221,100","2598","1.07%"
"South Dakota","Brule County","$216,800","2071","0.82%"
"South Dakota","Buffalo County","$117,800","473","0.20%"
"South Dakota","Butte County","$244,600","2265","0.88%"
"South Dakota","Campbell County","$115,900","1368","1.03%"
"South Dakota","Charles Mix County","$170,600","1878","0.97%"
"South Dakota","Clark County","$158,400","1389","0.76%"
"South Dakota","Clay County","$232,300","2937","1.13%"
"South Dakota","Codington County","$237,700","2308","0.96%"
"South Dakota","Corson County","$69,800","1009","1.18%"
"South Dakota","Custer County","$372,100","2879","0.71%"
"South Dakota","Davison County","$205,800","2526","1.14%"
"South Dakota","Day County","$173,600","1693","0.78%"
"South Dakota","Deuel County","$205,900","1694","0.76%"
"South Dakota","Dewey County","$69,600","1050","0.95%"
"South Dakota","Douglas County","$166,900","1653","0.84%"
"South Dakota","Edmunds County","$163,300","1313","0.81%"
"South Dakota","Fall River County","$193,200","1940","1.03%"
"South Dakota","Faulk County","$147,500","916","0.75%"
"South Dakota","Grant County","$171,000","1557","0.92%"
"South Dakota","Gregory County","$139,900","1428","0.76%"
"South Dakota","Haakon County","$164,200","1489","0.74%"
"South Dakota","Hamlin County","$208,600","2313","1.02%"
"South Dakota","Hand County","$159,300","1413","0.80%"
"South Dakota","Hanson County","$191,200","1979","0.82%"
"South Dakota","Harding County","$166,100","1863","0.98%"
"South Dakota","Hughes County","$242,000","2659","1.03%"
"South Dakota","Hutchinson County","$163,000","1867","0.91%"
"South Dakota","Hyde County","$181,600","1743","1.03%"
"South Dakota","Jackson County","$117,300","760","0.69%"
"South Dakota","Jerauld County","$150,800","1265","0.83%"
"South Dakota","Jones County","$139,600","1313","0.99%"
"South Dakota","Kingsbury County","$169,500","1704","0.93%"
"South Dakota","Lake County","$247,600","2546","0.93%"
"South Dakota","Lawrence County","$346,500","2744","0.77%"
"South Dakota","Lincoln County","$348,300","3990","1.12%"
"South Dakota","Lyman County","$165,800","1506","0.96%"
"South Dakota","McCook County","$230,100","2444","0.92%"
"South Dakota","McPherson County","$85,600","1323","1.10%"
"South Dakota","Marshall County","$156,500","1359","0.67%"
"South Dakota","Meade County","$310,900","3129","0.91%"
"South Dakota","Mellette County","$84,100","825","0.62%"
"South Dakota","Miner County","$142,600","1306","0.70%"
"South Dakota","Minnehaha County","$287,600","3281","1.06%"
"South Dakota","Moody County","$226,500","2500","0.87%"
"South Dakota","Oglala Lakota County","$52,900","200-","n.a."
"South Dakota","Pennington County","$302,200","3265","1.00%"
"South Dakota","Perkins County","$114,600","1478","0.97%"
"South Dakota","Potter County","$121,300","1717","1.23%"
"South Dakota","Roberts County","$154,500","1492","0.69%"
"South Dakota","Sanborn County","$135,600","1586","0.59%"
"South Dakota","Spink County","$123,300","1584","0.98%"
"South Dakota","Stanley County","$203,500","2679","1.11%"
"South Dakota","Sully County","$205,400","1715","0.86%"
"South Dakota","Todd County","$53,900","975","0.74%"
"South Dakota","Tripp County","$132,900","1262","0.69%"
"South Dakota","Turner County","$222,900","2181","1.01%"
"South Dakota","Union County","$301,100","3317","1.12%"
"South Dakota","Walworth County","$136,600","1792","1.12%"
"South Dakota","Yankton County","$225,900","2388","0.99%"
"South Dakota","Ziebach County","$99,600","613","0.62%"
"Tennessee","Anderson County","$239,400","1289","0.58%"
"Tennessee","Bedford County","$281,200","1345","0.54%"
"Tennessee","Benton County","$153,600","738","0.42%"
"Tennessee","Bledsoe County","$189,400","688","0.44%"
"Tennessee","Blount County","$320,500","1453","0.48%"
"Tennessee","Bradley County","$261,900","1187","0.44%"
"Tennessee","Campbell County","$186,500","691","0.36%"
"Tennessee","Cannon County","$252,000","1073","0.41%"
"Tennessee","Carroll County","$142,400","821","0.50%"
"Tennessee","Carter County","$168,200","864","0.49%"
"Tennessee","Cheatham County","$338,700","1582","0.48%"
"Tennessee","Chester County","$164,400","856","0.51%"
"Tennessee","Claiborne County","$159,900","777","0.43%"
"Tennessee","Clay County","$136,400","769","0.42%"
"Tennessee","Cocke County","$158,100","898","0.49%"
"Tennessee","Coffee County","$246,800","1407","0.55%"
"Tennessee","Crockett County","$158,900","930","0.54%"
"Tennessee","Cumberland County","$250,500","730","0.29%"
"Tennessee","Davidson County","$417,400","2506","0.57%"
"Tennessee","Decatur County","$139,600","644","0.41%"
"Tennessee","DeKalb County","$235,500","824","0.34%"
"Tennessee","Dickson County","$306,400","1431","0.44%"
"Tennessee","Dyer County","$166,400","1047","0.56%"
"Tennessee","Fayette County","$340,800","1140","0.33%"
"Tennessee","Fentress County","$168,200","535","0.27%"
"Tennessee","Franklin County","$236,900","1246","0.48%"
"Tennessee","Gibson County","$156,900","1039","0.61%"
"Tennessee","Giles County","$234,300","989","0.45%"
"Tennessee","Grainger County","$189,200","901","0.41%"
"Tennessee","Greene County","$207,500","890","0.42%"
"Tennessee","Grundy County","$154,000","586","0.43%"
"Tennessee","Hamblen County","$210,900","862","0.37%"
"Tennessee","Hamilton County","$312,800","1925","0.62%"
"Tennessee","Hancock County","$134,500","599","0.42%"
"Tennessee","Hardeman County","$121,700","764","0.58%"
"Tennessee","Hardin County","$160,400","658","0.43%"
"Tennessee","Hawkins County","$176,300","956","0.53%"
"Tennessee","Haywood County","$152,400","952","0.60%"
"Tennessee","Henderson County","$164,800","794","0.37%"
"Tennessee","Henry County","$160,200","705","0.38%"
"Tennessee","Hickman County","$224,100","1038","0.42%"
"Tennessee","Houston County","$172,700","929","0.52%"
"Tennessee","Humphreys County","$193,400","921","0.41%"
"Tennessee","Jackson County","$155,500","710","0.38%"
"Tennessee","Jefferson County","$229,300","978","0.40%"
"Tennessee","Johnson County","$178,600","710","0.34%"
"Tennessee","Knox County","$320,900","1367","0.44%"
"Tennessee","Lake County","$97,900","653","0.72%"
"Tennessee","Lauderdale County","$143,200","844","0.67%"
"Tennessee","Lawrence County","$194,400","1021","0.47%"
"Tennessee","Lewis County","$173,400","824","0.32%"
"Tennessee","Lincoln County","$229,700","1038","0.41%"
"Tennessee","Loudon County","$348,000","1162","0.34%"
"Tennessee","McMinn County","$211,800","748","0.32%"
"Tennessee","McNairy County","$161,800","619","0.38%"
"Tennessee","Macon County","$225,700","874","0.25%"
"Tennessee","Madison County","$211,800","1185","0.60%"
"Tennessee","Marion County","$195,200","833","0.39%"
"Tennessee","Marshall County","$279,800","1346","0.43%"
"Tennessee","Maury County","$355,700","1588","0.43%"
"Tennessee","Meigs County","$180,000","693","0.85%"
"Tennessee","Monroe County","$227,500","934","0.39%"
"Tennessee","Montgomery County","$280,200","1697","0.61%"
"Tennessee","Moore County","$285,300","1288","0.42%"
"Tennessee","Morgan County","$166,300","871","0.41%"
"Tennessee","Obion County","$133,600","690","0.49%"
"Tennessee","Overton County","$173,200","669","0.36%"
"Tennessee","Perry County","$126,900","675","0.50%"
"Tennessee","Pickett County","$178,500","728","0.12%"
"Tennessee","Polk County","$169,900","856","0.45%"
"Tennessee","Putnam County","$282,500","1363","0.48%"
"Tennessee","Rhea County","$206,000","894","0.52%"
"Tennessee","Roane County","$232,900","1223","0.55%"
"Tennessee","Robertson County","$335,000","1577","0.44%"
"Tennessee","Rutherford County","$382,600","1839","0.48%"
"Tennessee","Scott County","$124,900","632","0.41%"
"Tennessee","Sequatchie County","$232,600","1051","0.41%"
"Tennessee","Sevier County","$299,000","824","0.31%"
"Tennessee","Shelby County","$249,100","2429","0.97%"
"Tennessee","Smith County","$243,800","1136","0.43%"
"Tennessee","Stewart County","$204,700","939","0.43%"
"Tennessee","Sullivan County","$213,300","1234","0.59%"
"Tennessee","Sumner County","$393,100","1987","0.46%"
"Tennessee","Tipton County","$240,600","1211","0.56%"
"Tennessee","Trousdale County","$337,600","1166","0.38%"
"Tennessee","Unicoi County","$189,600","994","0.49%"
"Tennessee","Union County","$204,000","752","0.27%"
"Tennessee","Van Buren County","$159,200","693","0.44%"
"Tennessee","Warren County","$192,900","805","0.43%"
"Tennessee","Washington County","$249,000","1302","0.56%"
"Tennessee","Wayne County","$130,700","635","0.39%"
"Tennessee","Weakley County","$151,200","729","0.44%"
"Tennessee","White County","$207,200","838","0.44%"
"Tennessee","Williamson County","$751,900","3004","0.37%"
"Tennessee","Wilson County","$428,000","1787","0.42%"
"Texas","Anderson County","$185,300","1702","0.91%"
"Texas","Andrews County","$195,700","2509","1.13%"
"Texas","Angelina County","$163,500","1775","1.13%"
"Texas","Aransas County","$265,400","2705","1.01%"
"Texas","Archer County","$189,100","2296","1.29%"
"Texas","Armstrong County","$171,500","2111","1.06%"
"Texas","Atascosa County","$174,800","2254","1.15%"
"Texas","Austin County","$296,900","3433","1.00%"
"Texas","Bailey County","$105,300","1601","0.74%"
"Texas","Bandera County","$278,400","2438","0.81%"
"Texas","Bastrop County","$314,800","4453","1.17%"
"Texas","Baylor County","$103,100","1288","0.54%"
"Texas","Bee County","$111,300","1615","1.25%"
"Texas","Bell County","$241,000","3476","1.21%"
"Texas","Bexar County","$262,200","4535","1.55%"
"Texas","Blanco County","$483,500","4510","1.02%"
"Texas","Borden County","$108,900","460","0.22%"
"Texas","Bosque County","$200,900","1959","0.86%"
"Texas","Bowie County","$173,000","2037","1.17%"
"Texas","Brazoria County","$301,600","5001","1.69%"
"Texas","Brazos County","$296,000","4568","1.38%"
"Texas","Brewster County","$227,000","2574","0.98%"
"Texas","Briscoe County","$90,300","981","0.74%"
"Texas","Brooks County","$81,000","1060","1.15%"
"Texas","Brown County","$158,900","1770","1.13%"
"Texas","Burleson County","$191,000","1816","1.01%"
"Texas","Burnet County","$344,000","3639","0.94%"
"Texas","Caldwell County","$240,500","3235","1.05%"
"Texas","Calhoun County","$171,200","2153","1.00%"
"Texas","Callahan County","$145,500","1318","0.78%"
"Texas","Cameron County","$136,500","2042","1.35%"
"Texas","Camp County","$173,100","1901","0.98%"
"Texas","Carson County","$143,000","1705","1.36%"
"Texas","Cass County","$146,400","1375","0.67%"
"Texas","Castro County","$95,000","876","1.20%"
"Texas","Chambers County","$329,500","3474","1.01%"
"Texas","Cherokee County","$169,300","1963","0.95%"
"Texas","Childress County","$125,400","1496","1.40%"
"Texas","Clay County","$171,500","2182","1.01%"
"Texas","Cochran County","$53,200","583","1.01%"
"Texas","Coke County","$117,900","1372","0.94%"
"Texas","Coleman County","$92,500","1252","0.94%"
"Texas","Collin County","$475,600","7521","1.48%"
"Texas","Collingsworth County","$104,000","1314","0.91%"
"Texas","Colorado County","$209,800","2204","0.77%"
"Texas","Comal County","$427,200","4833","1.04%"
"Texas","Comanche County","$155,600","2096","0.98%"
"Texas","Concho County","$107,400","1799","0.99%"
"Texas","Cooke County","$240,400","2864","1.06%"
"Texas","Coryell County","$195,300","2654","1.00%"
"Texas","Cottle County","$59,300","680","1.15%"
"Texas","Crane County","$129,400","1346","0.95%"
"Texas","Crockett County","-","416","1.24%"
"Texas","Crosby County","$80,900","1480","1.16%"
"Texas","Culberson County","$79,300","769","1.14%"
"Texas","Dallam County","$151,400","1736","1.20%"
"Texas","Dallas County","$303,000","4798","1.45%"
"Texas","Dawson County","$103,400","1677","1.46%"
"Texas","Deaf Smith County","$121,300","1801","1.45%"
"Texas","Delta County","$164,300","1563","1.16%"
"Texas","Denton County","$437,200","7055","1.46%"
"Texas","DeWitt County","$170,900","1469","0.86%"
"Texas","Dickens County","$65,300","939","0.92%"
"Texas","Dimmit County","$85,500","1223","0.82%"
"Texas","Donley County","$96,400","1117","0.76%"
"Texas","Duval County","$89,400","1148","0.99%"
"Texas","Eastland County","$134,800","1459","0.99%"
"Texas","Ector County","$200,200","2538","1.27%"
"Texas","Edwards County","-","742","0.66%"
"Texas","Ellis County","$348,600","4697","1.24%"
"Texas","El Paso County","$180,400","3660","1.80%"
"Texas","Erath County","$269,100","2887","0.88%"
"Texas","Falls County","$110,900","1522","0.97%"
"Texas","Fannin County","$233,700","2529","0.86%"
"Texas","Fayette County","$293,900","2611","0.73%"
"Texas","Fisher County","$78,600","1359","1.01%"
"Texas","Floyd County","$89,600","1107","1.45%"
"Texas","Foard County","$70,700","790","1.34%"
"Texas","Fort Bend County","$374,500","6965","1.77%"
"Texas","Franklin County","$226,300","2023","0.81%"
"Texas","Freestone County","$168,000","1580","0.98%"
"Texas","Frio County","$107,700","1670","1.33%"
"Texas","Gaines County","$200,700","3142","1.50%"
"Texas","Galveston County","$314,600","4442","1.40%"
"Texas","Garza County","$77,800","1220","1.33%"
"Texas","Gillespie County","$460,700","4496","0.83%"
"Texas","Glasscock County","$245,200","1346","0.60%"
"Texas","Goliad County","$192,500","1812","0.95%"
"Texas","Gonzales County","$159,100","2084","0.91%"
"Texas","Gray County","$102,900","1408","1.44%"
"Texas","Grayson County","$248,400","3146","1.23%"
"Texas","Gregg County","$203,400","2368","1.16%"
"Texas","Grimes County","$237,400","2414","0.90%"
"Texas","Guadalupe County","$304,400","4343","1.19%"
"Texas","Hale County","$116,500","1525","1.30%"
"Texas","Hall County","$86,100","1086","1.18%"
"Texas","Hamilton County","$147,700","1863","0.81%"
"Texas","Hansford County","$124,800","2261","1.43%"
"Texas","Hardeman County","$81,900","848","0.86%"
"Texas","Hardin County","$205,700","2238","1.16%"
"Texas","Harris County","$276,600","4489","1.50%"
"Texas","Harrison County","$180,400","1758","0.96%"
"Texas","Hartley County","$262,500","2645","1.08%"
"Texas","Haskell County","$98,700","1140","0.96%"
"Texas","Hays County","$399,800","6649","1.40%"
"Texas","Hemphill County","$205,700","2390","1.24%"
"Texas","Henderson County","$211,300","1991","0.98%"
"Texas","Hidalgo County","$140,900","2279","1.63%"
"Texas","Hill County","$179,200","2078","1.05%"
"Texas","Hockley County","$127,000","1760","0.94%"
"Texas","Hood County","$306,400","3217","0.97%"
"Texas","Hopkins County","$221,100","2221","0.68%"
"Texas","Houston County","$164,900","1387","0.75%"
"Texas","Howard County","$155,600","1480","1.11%"
"Texas","Hudspeth County","$64,000","801","0.95%"
"Texas","Hunt County","$241,700","3002","1.18%"
"Texas","Hutchinson County","$119,100","1602","1.45%"
"Texas","Irion County","$204,400","1424","1.17%"
"Texas","Jack County","$251,200","2453","0.84%"
"Texas","Jackson County","$203,900","2085","1.06%"
"Texas","Jasper County","$136,400","1326","0.89%"
"Texas","Jeff Davis County","$226,200","1365","0.51%"
"Texas","Jefferson County","$169,500","2600","1.50%"
"Texas","Jim Hogg County","$129,400","1258","1.34%"
"Texas","Jim Wells County","$123,600","1426","1.21%"
"Texas","Johnson County","$285,900","3557","1.19%"
"Texas","Jones County","$96,500","1535","1.20%"
"Texas","Karnes County","$149,000","1392","0.61%"
"Texas","Kaufman County","$320,900","5377","1.49%"
"Texas","Kendall County","$512,700","5656","1.00%"
"Texas","Kenedy County","-","-","0.81%"
"Texas","Kent County","$122,200","835","0.52%"
"Texas","Kerr County","$321,200","3103","0.89%"
"Texas","Kimble County","$201,300","2559","0.88%"
"Texas","King County","$52,100","564","n.a."
"Texas","Kinney County","$82,000","1158","1.25%"
"Texas","Kleberg County","$161,300","2369","1.44%"
"Texas","Knox County","$77,300","1237","1.54%"
"Texas","Lamar County","$200,700","1748","0.88%"
"Texas","Lamb County","$82,400","919","1.12%"
"Texas","Lampasas County","$250,400","2929","0.76%"
"Texas","La Salle County","$97,800","1434","1.26%"
"Texas","Lavaca County","$228,300","2041","0.76%"
"Texas","Lee County","$267,800","2584","0.88%"
"Texas","Leon County","$186,400","1283","0.62%"
"Texas","Liberty County","$181,700","2133","1.20%"
"Texas","Limestone County","$164,200","1953","0.94%"
"Texas","Lipscomb County","$124,300","1748","1.35%"
"Texas","Live Oak County","$159,200","1525","0.75%"
"Texas","Llano County","$356,500","2658","0.68%"
"Texas","Loving County","-","-","n.a."
"Texas","Lubbock County","$214,100","3241","1.50%"
"Texas","Lynn County","$147,300","2604","1.33%"
"Texas","McCulloch County","$150,500","1494","1.05%"
"Texas","McLennan County","$243,600","3471","1.36%"
"Texas","McMullen County","$97,100","400","0.84%"
"Texas","Madison County","$176,200","1726","0.96%"
"Texas","Marion County","$101,500","749","0.90%"
"Texas","Martin County","$174,800","1587","0.72%"
"Texas","Mason County","$293,600","2461","0.64%"
"Texas","Matagorda County","$172,900","2328","1.22%"
"Texas","Maverick County","$158,700","1976","1.33%"
"Texas","Medina County","$239,600","3165","1.23%"
"Texas","Menard County","$108,500","2111","1.13%"
"Texas","Midland County","$312,700","3832","1.19%"
"Texas","Milam County","$189,800","1875","0.92%"
"Texas","Mills County","$223,700","1740","0.67%"
"Texas","Mitchell County","$85,800","1599","1.68%"
"Texas","Montague County","$206,400","1902","0.88%"
"Texas","Montgomery County","$346,200","5268","1.44%"
"Texas","Moore County","$152,600","1985","1.35%"
"Texas","Morris County","$120,400","1329","0.96%"
"Texas","Motley County","$88,000","904","0.96%"
"Texas","Nacogdoches County","$169,200","1399","0.86%"
"Texas","Navarro County","$172,600","2075","1.05%"
"Texas","Newton County","$103,100","846","0.87%"
"Texas","Nolan County","$96,300","1475","1.40%"
"Texas","Nueces County","$208,800","3330","1.40%"
"Texas","Ochiltree County","$134,400","1906","1.44%"
"Texas","Oldham County","$162,800","1780","1.14%"
"Texas","Orange County","$173,400","2152","1.23%"
"Texas","Palo Pinto County","$198,000","2204","1.07%"
"Texas","Panola County","$158,100","1242","0.88%"
"Texas","Parker County","$375,900","5249","1.27%"
"Texas","Parmer County","$146,700","1872","1.24%"
"Texas","Pecos County","$165,700","1707","0.80%"
"Texas","Polk County","$184,800","1661","0.92%"
"Texas","Potter County","$147,300","2145","1.41%"
"Texas","Presidio County","$121,300","1506","1.02%"
"Texas","Rains County","$241,100","2458","1.12%"
"Texas","Randall County","$238,800","3610","1.37%"
"Texas","Reagan County","$171,500","1579","0.86%"
"Texas","Real County","$112,500","1207","0.71%"
"Texas","Red River County","$121,500","1224","0.74%"
"Texas","Reeves County","$118,000","1271","0.97%"
"Texas","Refugio County","$99,000","1458","1.09%"
"Texas","Roberts County","$161,500","1786","0.93%"
"Texas","Robertson County","$185,900","1882","0.69%"
"Texas","Rockwall County","$415,500","6396","1.42%"
"Texas","Runnels County","$109,300","1498","1.38%"
"Texas","Rusk County","$171,300","1793","0.91%"
"Texas","Sabine County","$153,100","1260","0.79%"
"Texas","San Augustine County","$99,900","676","0.52%"
"Texas","San Jacinto County","$209,300","2066","0.94%"
"Texas","San Patricio County","$192,400","2866","1.31%"
"Texas","San Saba County","$168,700","1513","0.58%"
"Texas","Schleicher County","$122,700","1532","1.06%"
"Texas","Scurry County","$113,800","1445","1.36%"
"Texas","Shackelford County","$174,800","2004","1.20%"
"Texas","Shelby County","$101,500","1024","0.64%"
"Texas","Sherman County","$146,900","2531","1.59%"
"Texas","Smith County","$240,700","2804","1.15%"
"Texas","Somervell County","$289,500","2634","0.65%"
"Texas","Starr County","$95,100","1083","1.22%"
"Texas","Stephens County","$110,200","1633","1.14%"
"Texas","Sterling County","$147,000","1894","0.89%"
"Texas","Stonewall County","$48,600","872","1.46%"
"Texas","Sutton County","$155,700","1907","1.59%"
"Texas","Swisher County","$86,300","1487","1.39%"
"Texas","Tarrant County","$323,900","5334","1.54%"
"Texas","Taylor County","$198,600","2728","1.25%"
"Texas","Terrell County","$137,500","1259","0.96%"
"Texas","Terry County","$105,400","1779","1.45%"
"Texas","Throckmorton County","$89,500","1148","1.00%"
"Texas","Titus County","$174,000","2096","1.10%"
"Texas","Tom Green County","$197,000","2532","1.29%"
"Texas","Travis County","$523,000","7727","1.31%"
"Texas","Trinity County","$119,500","1264","0.98%"
"Texas","Tyler County","$157,300","1404","0.97%"
"Texas","Upshur County","$167,800","1993","1.09%"
"Texas","Upton County","$109,000","1177","1.07%"
"Texas","Uvalde County","$150,800","2173","1.16%"
"Texas","Val Verde County","$164,600","2354","1.31%"
"Texas","Van Zandt County","$222,100","2298","0.84%"
"Texas","Victoria County","$209,900","3061","1.42%"
"Texas","Walker County","$226,900","2669","1.06%"
"Texas","Waller County","$318,700","4046","1.27%"
"Texas","Ward County","$150,700","965","0.33%"
"Texas","Washington County","$288,100","3143","0.79%"
"Texas","Webb County","$189,900","3421","1.58%"
"Texas","Wharton County","$189,900","2881","1.31%"
"Texas","Wheeler County","$106,100","1470","1.44%"
"Texas","Wichita County","$153,700","2522","1.55%"
"Texas","Wilbarger County","$89,400","1432","1.48%"
"Texas","Willacy County","$73,600","1240","1.46%"
"Texas","Williamson County","$447,000","7205","1.50%"
"Texas","Wilson County","$321,300","3928","1.20%"
"Texas","Winkler County","$148,200","1119","0.76%"
"Texas","Wise County","$304,900","3466","1.09%"
"Texas","Wood County","$216,500","1900","0.73%"
"Texas","Yoakum County","$182,600","1715","1.12%"
"Texas","Young County","$175,800","1957","1.18%"
"Texas","Zapata County","$97,100","920","0.69%"
"Texas","Zavala County","$98,800","1512","1.30%"
"Utah","Beaver County","$283,700","1142","0.36%"
"Utah","Box Elder County","$403,600","1966","0.47%"
"Utah","Cache County","$444,400","2011","0.46%"
"Utah","Carbon County","$228,500","1394","0.62%"
"Utah","Daggett County","$282,300","1304","0.53%"
"Utah","Davis County","$505,500","2665","0.51%"
"Utah","Duchesne County","$283,700","1742","0.56%"
"Utah","Emery County","$218,700","1350","0.62%"
"Utah","Garfield County","$318,100","1127","0.27%"
"Utah","Grand County","$538,700","2215","0.40%"
"Utah","Iron County","$379,000","1558","0.43%"
"Utah","Juab County","$425,400","1914","0.37%"
"Utah","Kane County","$410,900","1630","0.41%"
"Utah","Millard County","$284,700","1454","0.50%"
"Utah","Morgan County","$654,900","3411","0.52%"
"Utah","Piute County","$264,800","939","0.32%"
"Utah","Rich County","$334,600","859","0.34%"
"Utah","Salt Lake County","$525,700","2836","0.50%"
"Utah","San Juan County","$224,200","1788","0.39%"
"Utah","Sanpete County","$347,200","1619","0.47%"
"Utah","Sevier County","$311,200","1683","0.49%"
"Utah","Summit County","$1,067,700","3701","0.32%"
"Utah","Tooele County","$431,600","2460","0.54%"
"Utah","Uintah County","$298,600","1523","0.49%"
"Utah","Utah County","$538,700","2370","0.43%"
"Utah","Wasatch County","$787,300","3624","0.49%"
"Utah","Washington County","$510,700","2158","0.41%"
"Utah","Wayne County","$411,800","1394","0.38%"
"Utah","Weber County","$426,700","2557","0.56%"
"Vermont","Addison County","$361,200","5690","1.47%"
"Vermont","Bennington County","$279,900","4580","1.50%"
"Vermont","Caledonia County","$227,900","4022","1.61%"
"Vermont","Chittenden County","$439,200","6617","1.44%"
"Vermont","Essex County","$172,500","3035","1.45%"
"Vermont","Franklin County","$306,700","4332","1.40%"
"Vermont","Grand Isle County","$394,100","5195","1.33%"
"Vermont","Lamoille County","$304,700","4785","1.39%"
"Vermont","Orange County","$271,300","4516","1.53%"
"Vermont","Orleans County","$223,400","3692","1.43%"
"Vermont","Rutland County","$229,400","4154","1.65%"
"Vermont","Washington County","$315,000","5498","1.64%"
"Vermont","Windham County","$279,600","5062","1.60%"
"Vermont","Windsor County","$296,400","5458","1.64%"
"Virginia","Accomack County","$204,300","985","0.50%"
"Virginia","Albemarle County","$495,400","3719","0.73%"
"Virginia","Alleghany County","$125,800","1000","0.68%"
"Virginia","Amelia County","$282,400","1079","0.43%"
"Virginia","Amherst County","$212,400","975","0.47%"
"Virginia","Appomattox County","$207,600","1073","0.52%"
"Virginia","Arlington County","$895,000","8153","0.85%"
"Virginia","Augusta County","$306,100","1446","0.47%"
"Virginia","Bath County","$206,700","797","0.43%"
"Virginia","Bedford County","$297,400","1285","0.43%"
"Virginia","Bland County","$152,100","846","0.55%"
"Virginia","Botetourt County","$289,200","1862","0.60%"
"Virginia","Brunswick County","$142,700","820","0.40%"
"Virginia","Buchanan County","$94,900","413","0.48%"
"Virginia","Buckingham County","$173,400","906","0.48%"
"Virginia","Campbell County","$211,600","950","0.46%"
"Virginia","Caroline County","$307,700","1597","0.50%"
"Virginia","Carroll County","$156,500","834","0.54%"
"Virginia","Charles City County","$241,400","1343","0.59%"
"Virginia","Charlotte County","$144,100","756","0.50%"
"Virginia","Chesterfield County","$366,000","2773","0.75%"
"Virginia","Clarke County","$550,100","2657","0.59%"
"Virginia","Craig County","$189,000","1064","0.58%"
"Virginia","Culpeper County","$409,200","2141","0.50%"
"Virginia","Cumberland County","$239,300","1361","0.53%"
"Virginia","Dickenson County","$102,700","480","0.51%"
"Virginia","Dinwiddie County","$257,800","1409","0.58%"
"Virginia","Essex County","$238,100","1348","0.58%"
"Virginia","Fairfax County","$732,800","7368","0.95%"
"Virginia","Fauquier County","$573,700","4320","0.67%"
"Virginia","Floyd County","$225,400","1245","0.46%"
"Virginia","Fluvanna County","$314,100","1967","0.65%"
"Virginia","Franklin County","$240,400","1196","0.50%"
"Virginia","Frederick County","$386,000","1846","0.50%"
"Virginia","Giles County","$151,100","928","0.54%"
"Virginia","Gloucester County","$331,000","1878","0.56%"
"Virginia","Goochland County","$500,600","2496","0.52%"
"Virginia","Grayson County","$150,100","843","0.62%"
"Virginia","Greene County","$343,300","2086","0.61%"
"Virginia","Greensville County","$159,400","855","0.60%"
"Virginia","Halifax County","$155,700","721","0.50%"
"Virginia","Hanover County","$400,400","2627","0.66%"
"Virginia","Henrico County","$359,200","2565","0.68%"
"Virginia","Henry County","$134,800","637","0.48%"
"Virginia","Highland County","$200,000","1135","0.69%"
"Virginia","Isle of Wight County","$356,500","2510","0.72%"
"Virginia","James City County","$447,200","2901","0.61%"
"Virginia","King and Queen County","$231,600","1209","0.45%"
"Virginia","King George County","$428,300","2254","0.55%"
"Virginia","King William County","$315,700","1729","0.61%"
"Virginia","Lancaster County","$327,000","1558","0.49%"
"Virginia","Lee County","$98,900","595","0.61%"
"Virginia","Loudoun County","$743,800","6325","0.80%"
"Virginia","Louisa County","$315,300","1883","0.63%"
"Virginia","Lunenburg County","$150,100","578","0.40%"
"Virginia","Madison County","$370,300","1968","0.49%"
"Virginia","Mathews County","$360,900","1547","0.49%"
"Virginia","Mecklenburg County","$192,600","859","0.50%"
"Virginia","Middlesex County","$352,200","1778","0.51%"
"Virginia","Montgomery County","$304,600","2249","0.82%"
"Virginia","Nelson County","$321,700","1622","0.56%"
"Virginia","New Kent County","$393,600","2503","0.60%"
"Virginia","Northampton County","$316,200","1807","0.66%"
"Virginia","Northumberland County","$346,800","1645","0.46%"
"Virginia","Nottoway County","$167,500","761","0.43%"
"Virginia","Orange County","$364,200","1997","0.59%"
"Virginia","Page County","$233,200","1497","0.49%"
"Virginia","Patrick County","$153,400","845","0.58%"
"Virginia","Pittsylvania County","$161,400","948","0.57%"
"Virginia","Powhatan County","$416,000","2448","0.59%"
"Virginia","Prince Edward County","$216,600","921","0.52%"
"Virginia","Prince George County","$293,400","2184","0.69%"
"Virginia","Prince William County","$530,100","4999","0.85%"
"Virginia","Pulaski County","$191,700","1202","0.63%"
"Virginia","Rappahannock County","$506,400","2505","0.49%"
"Virginia","Richmond County","$231,500","1290","0.50%"
"Virginia","Roanoke County","$286,000","2436","0.79%"
"Virginia","Rockbridge County","$248,800","1492","0.59%"
"Virginia","Rockingham County","$313,000","1645","0.55%"
"Virginia","Russell County","$120,600","576","0.48%"
"Virginia","Scott County","$143,000","885","0.68%"
"Virginia","Shenandoah County","$294,900","1528","0.53%"
"Virginia","Smyth County","$139,600","805","0.54%"
"Virginia","Southampton County","$216,200","1418","0.76%"
"Virginia","Spotsylvania County","$404,900","2347","0.56%"
"Virginia","Stafford County","$485,100","3410","0.67%"
"Virginia","Surry County","$238,800","1651","0.67%"
"Virginia","Sussex County","$183,800","1078","0.56%"
"Virginia","Tazewell County","$118,300","728","0.61%"
"Virginia","Warren County","$348,400","1819","0.52%"
"Virginia","Washington County","$214,000","1065","0.50%"
"Virginia","Westmoreland County","$269,600","1628","0.62%"
"Virginia","Wise County","$118,600","693","0.59%"
"Virginia","Wythe County","$171,200","900","0.52%"
"Virginia","York County","$433,200","2794","0.63%"
"Virginia","Alexandria city","$735,100","7024","0.92%"
"Virginia","Bristol city","$184,100","1387","0.72%"
"Virginia","Buena Vista city","$156,200","1421","0.88%"
"Virginia","Charlottesville city","$486,700","3915","0.82%"
"Virginia","Chesapeake city","$378,400","3108","0.78%"
"Virginia","Colonial Heights city","$246,600","2071","0.75%"
"Virginia","Covington city","$83,500","681","0.86%"
"Virginia","Danville city","$119,100","774","0.62%"
"Virginia","Emporia city","$148,500","1171","0.70%"
"Virginia","Fairfax city","$722,600","6515","0.85%"
"Virginia","Falls Church city","$1,055,600","10,000+","1.15%"
"Virginia","Franklin city","$256,600","1821","0.81%"
"Virginia","Fredericksburg city","$483,700","2907","0.65%"
"Virginia","Galax city","$141,300","1072","0.52%"
"Virginia","Hampton city","$245,700","2327","0.97%"
"Virginia","Harrisonburg city","$299,100","2281","0.74%"
"Virginia","Hopewell city","$181,600","1564","0.88%"
"Virginia","Lexington city","$275,200","2224","0.85%"
"Virginia","Lynchburg city","$229,800","1804","0.81%"
"Virginia","Manassas city","$449,900","4923","0.99%"
"Virginia","Manassas Park city","$395,900","4636","1.08%"
"Virginia","Martinsville city","$98,400","760","0.81%"
"Virginia","Newport News city","$260,600","2634","0.94%"
"Virginia","Norfolk city","$289,900","2890","0.91%"
"Virginia","Norton city","$110,000","800","0.85%"
"Virginia","Petersburg city","$189,000","1523","0.87%"
"Virginia","Poquoson city","$400,300","3690","0.90%"
"Virginia","Portsmouth city","$246,900","2557","0.95%"
"Virginia","Radford city","$220,700","1581","0.70%"
"Virginia","Richmond city","$353,000","3150","0.90%"
"Virginia","Roanoke city","$190,500","1893","0.95%"
"Virginia","Salem city","$258,600","2316","0.82%"
"Virginia","Staunton city","$259,200","1818","0.60%"
"Virginia","Suffolk city","$347,400","3229","0.87%"
"Virginia","Virginia Beach city","$382,500","3061","0.78%"
"Virginia","Waynesboro city","$245,500","1639","0.66%"
"Virginia","Williamsburg city","$428,100","2518","0.61%"
"Virginia","Winchester city","$343,000","2591","0.74%"
"Washington","Adams County","$273,300","2147","0.72%"
"Washington","Asotin County","$325,600","2340","0.72%"
"Washington","Benton County","$407,800","3163","0.76%"
"Washington","Chelan County","$490,100","3503","0.65%"
"Washington","Clallam County","$421,800","3050","0.68%"
"Washington","Clark County","$522,900","4290","0.77%"
"Washington","Columbia County","$271,200","2303","0.74%"
"Washington","Cowlitz County","$397,500","3245","0.81%"
"Washington","Douglas County","$432,500","3319","0.76%"
"Washington","Ferry County","$283,400","1801","0.57%"
"Washington","Franklin County","$379,300","2750","0.74%"
"Washington","Garfield County","$239,200","1574","0.96%"
"Washington","Grant County","$299,500","2339","0.74%"
"Washington","Grays Harbor County","$314,000","2512","0.71%"
"Washington","Island County","$593,300","3999","0.66%"
"Washington","Jefferson County","$535,000","3818","0.65%"
"Washington","King County","$859,900","7114","0.76%"
"Washington","Kitsap County","$555,100","4279","0.72%"
"Washington","Kittitas County","$497,400","3552","0.66%"
"Washington","Klickitat County","$425,300","2639","0.62%"
"Washington","Lewis County","$385,800","2581","0.68%"
"Washington","Lincoln County","$292,800","1744","0.60%"
"Washington","Mason County","$411,800","3006","0.72%"
"Washington","Okanogan County","$299,800","2281","0.64%"
"Washington","Pacific County","$334,800","2395","0.71%"
"Washington","Pend Oreille County","$367,900","2142","0.56%"
"Washington","Pierce County","$526,600","4770","0.85%"
"Washington","San Juan County","$799,200","4253","0.53%"
"Washington","Skagit County","$545,100","4308","0.75%"
"Washington","Skamania County","$529,500","3532","0.56%"
"Washington","Snohomish County","$696,000","5364","0.72%"
"Washington","Spokane County","$410,700","3434","0.78%"
"Washington","Stevens County","$350,600","2065","0.61%"
"Washington","Thurston County","$480,300","4209","0.82%"
"Washington","Wahkiakum County","$396,800","2392","0.59%"
"Washington","Walla Walla County","$408,900","3492","0.85%"
"Washington","Whatcom County","$585,800","4087","0.68%"
"Washington","Whitman County","$359,600","2691","0.77%"
"Washington","Yakima County","$310,100","2463","0.79%"
"West Virginia","Barbour County","$131,900","562","0.36%"
"West Virginia","Berkeley County","$266,300","1398","0.53%"
"West Virginia","Boone County","$93,100","620","0.51%"
"West Virginia","Braxton County","$117,900","535","0.39%"
"West Virginia","Brooke County","$141,500","746","0.55%"
"West Virginia","Cabell County","$164,400","992","0.62%"
"West Virginia","Calhoun County","$100,500","426","0.29%"
"West Virginia","Clay County","$109,100","377","0.59%"
"West Virginia","Doddridge County","$160,800","808","0.48%"
"West Virginia","Fayette County","$105,800","676","0.55%"
"West Virginia","Gilmer County","$83,800","410","0.47%"
"West Virginia","Grant County","$175,100","540","0.33%"
"West Virginia","Greenbrier County","$149,000","663","0.44%"
"West Virginia","Hampshire County","$219,200","836","0.29%"
"West Virginia","Hancock County","$130,800","826","0.56%"
"West Virginia","Hardy County","$166,300","575","0.29%"
"West Virginia","Harrison County","$166,200","908","0.56%"
"West Virginia","Jackson County","$157,200","834","0.52%"
"West Virginia","Jefferson County","$350,800","1857","0.52%"
"West Virginia","Kanawha County","$147,300","964","0.63%"
"West Virginia","Lewis County","$151,800","692","0.42%"
"West Virginia","Lincoln County","$105,300","538","0.41%"
"West Virginia","Logan County","$103,400","576","0.43%"
"West Virginia","McDowell County","$50,000","337","0.40%"
"West Virginia","Marion County","$166,700","978","0.61%"
"West Virginia","Marshall County","$149,800","680","0.50%"
"West Virginia","Mason County","$120,300","706","0.41%"
"West Virginia","Mercer County","$121,700","656","0.48%"
"West Virginia","Mineral County","$180,400","818","0.43%"
"West Virginia","Mingo County","$90,500","423","0.40%"
"West Virginia","Monongalia County","$267,700","1248","0.45%"
"West Virginia","Monroe County","$156,300","725","0.53%"
"West Virginia","Morgan County","$240,600","1125","0.40%"
"West Virginia","Nicholas County","$121,600","554","0.41%"
"West Virginia","Ohio County","$166,000","999","0.61%"
"West Virginia","Pendleton County","$183,800","633","0.32%"
"West Virginia","Pleasants County","$151,000","819","0.62%"
"West Virginia","Pocahontas County","$152,400","462","0.35%"
"West Virginia","Preston County","$162,800","793","0.46%"
"West Virginia","Putnam County","$223,300","1311","0.59%"
"West Virginia","Raleigh County","$150,900","754","0.49%"
"West Virginia","Randolph County","$144,800","559","0.39%"
"West Virginia","Ritchie County","$115,900","763","0.48%"
"West Virginia","Roane County","$122,100","537","0.31%"
"West Virginia","Summers County","$140,100","439","0.40%"
"West Virginia","Taylor County","$148,800","797","0.44%"
"West Virginia","Tucker County","$154,800","575","0.34%"
"West Virginia","Tyler County","$121,300","689","0.52%"
"West Virginia","Upshur County","$170,800","717","0.39%"
"West Virginia","Wayne County","$127,100","594","0.48%"
"West Virginia","Webster County","$76,100","303","0.31%"
"West Virginia","Wetzel County","$107,900","721","0.57%"
"West Virginia","Wirt County","$115,800","597","0.47%"
"West Virginia","Wood County","$158,500","941","0.55%"
"West Virginia","Wyoming County","$82,900","369","0.38%"
"Wisconsin","Adams County","$200,800","2407","1.21%"
"Wisconsin","Ashland County","$170,300","2413","1.30%"
"Wisconsin","Barron County","$216,600","2843","1.22%"
"Wisconsin","Bayfield County","$240,800","2425","0.92%"
"Wisconsin","Brown County","$266,000","3663","1.30%"
"Wisconsin","Buffalo County","$213,300","2808","1.04%"
"Wisconsin","Burnett County","$231,300","2140","0.88%"
"Wisconsin","Calumet County","$274,200","3877","1.35%"
"Wisconsin","Chippewa County","$257,900","2798","0.98%"
"Wisconsin","Clark County","$172,800","2505","1.20%"
"Wisconsin","Columbia County","$283,200","3855","1.27%"
"Wisconsin","Crawford County","$183,400","2861","1.12%"
"Wisconsin","Dane County","$394,800","6420","1.57%"
"Wisconsin","Dodge County","$231,900","3422","1.22%"
"Wisconsin","Door County","$342,600","3486","0.97%"
"Wisconsin","Douglas County","$205,800","2599","1.13%"
"Wisconsin","Dunn County","$243,200","3380","1.25%"
"Wisconsin","Eau Claire County","$261,000","3514","1.27%"
"Wisconsin","Florence County","$173,200","2096","1.25%"
"Wisconsin","Fond du Lac County","$222,800","3365","1.35%"
"Wisconsin","Forest County","$185,000","1988","0.90%"
"Wisconsin","Grant County","$200,700","2729","1.20%"
"Wisconsin","Green County","$250,200","4003","1.41%"
"Wisconsin","Green Lake County","$215,400","2718","1.08%"
"Wisconsin","Iowa County","$265,000","4038","1.31%"
"Wisconsin","Iron County","$165,900","1768","0.98%"
"Wisconsin","Jackson County","$196,100","2725","1.16%"
"Wisconsin","Jefferson County","$274,100","4005","1.22%"
"Wisconsin","Juneau County","$177,700","2605","1.27%"
"Wisconsin","Kenosha County","$265,500","4179","1.42%"
"Wisconsin","Kewaunee County","$222,200","3190","1.27%"
"Wisconsin","La Crosse County","$257,000","3947","1.46%"
"Wisconsin","Lafayette County","$194,500","3053","1.24%"
"Wisconsin","Langlade County","$158,200","1972","1.07%"
"Wisconsin","Lincoln County","$192,700","2549","1.16%"
"Wisconsin","Manitowoc County","$186,900","2695","1.31%"
"Wisconsin","Marathon County","$219,600","3218","1.35%"
"Wisconsin","Marinette County","$158,600","1907","1.11%"
"Wisconsin","Marquette County","$210,400","2659","1.15%"
"Wisconsin","Menominee County","$110,200","3926","1.07%"
"Wisconsin","Milwaukee County","$230,700","4444","1.82%"
"Wisconsin","Monroe County","$210,000","2826","1.25%"
"Wisconsin","Oconto County","$231,400","2727","1.05%"
"Wisconsin","Oneida County","$238,400","2123","0.84%"
"Wisconsin","Outagamie County","$267,300","3668","1.34%"
"Wisconsin","Ozaukee County","$390,200","4631","1.17%"
"Wisconsin","Pepin County","$214,800","2922","1.17%"
"Wisconsin","Pierce County","$333,700","4551","1.30%"
"Wisconsin","Polk County","$271,900","3075","1.07%"
"Wisconsin","Portage County","$243,100","3492","1.28%"
"Wisconsin","Price County","$162,500","2150","1.17%"
"Wisconsin","Racine County","$251,400","4099","1.44%"
"Wisconsin","Richland County","$197,500","2735","1.09%"
"Wisconsin","Rock County","$231,600","3703","1.49%"
"Wisconsin","Rusk County","$163,400","1834","1.03%"
"Wisconsin","St. Croix County","$377,700","4420","1.10%"
"Wisconsin","Sauk County","$258,600","3755","1.23%"
"Wisconsin","Sawyer County","$236,200","1897","0.77%"
"Wisconsin","Shawano County","$194,000","2644","1.19%"
"Wisconsin","Sheboygan County","$232,700","3236","1.23%"
"Wisconsin","Taylor County","$197,100","2748","1.30%"
"Wisconsin","Trempealeau County","$216,700","3372","1.32%"
"Wisconsin","Vernon County","$223,800","2978","1.14%"
"Wisconsin","Vilas County","$300,000","2197","0.69%"
"Wisconsin","Walworth County","$302,700","4036","1.17%"
"Wisconsin","Washburn County","$226,100","2377","0.98%"
"Wisconsin","Washington County","$344,800","3802","1.06%"
"Wisconsin","Waukesha County","$398,200","4554","1.11%"
"Wisconsin","Waupaca County","$211,400","2924","1.26%"
"Wisconsin","Waushara County","$203,100","2464","1.11%"
"Wisconsin","Winnebago County","$225,800","3679","1.43%"
"Wisconsin","Wood County","$175,600","2697","1.36%"
"Wyoming","Albany County","$333,000","1925","0.58%"
"Wyoming","Big Horn County","$216,500","1198","0.44%"
"Wyoming","Campbell County","$279,100","1599","0.51%"
"Wyoming","Carbon County","$222,700","1279","0.55%"
"Wyoming","Converse County","$292,700","1630","0.53%"
"Wyoming","Crook County","$285,800","1610","0.44%"
"Wyoming","Fremont County","$268,800","1671","0.53%"
"Wyoming","Goshen County","$239,600","1419","0.59%"
"Wyoming","Hot Springs County","$227,500","1236","0.62%"
"Wyoming","Johnson County","$326,800","1816","0.53%"
"Wyoming","Laramie County","$348,700","1980","0.56%"
"Wyoming","Lincoln County","$372,600","1664","0.48%"
"Wyoming","Natrona County","$273,000","1645","0.57%"
"Wyoming","Niobrara County","$221,500","1072","0.26%"
"Wyoming","Park County","$400,500","2262","0.60%"
"Wyoming","Platte County","$297,900","1549","0.45%"
"Wyoming","Sheridan County","$394,900","2177","0.56%"
"Wyoming","Sublette County","$376,200","1665","0.38%"
"Wyoming","Sweetwater County","$251,400","1542","0.63%"
"Wyoming","Teton County","$1,633,900","7267","0.45%"
"Wyoming","Uinta County","$290,000","1565","0.47%"
"Wyoming","Washakie County","$206,000","1392","0.72%"
"Wyoming","Weston County","$221,700","1510","0.63%"

